lat_ori;lon_ori;lat_des;lon_des;Distance;TravelTime;Mode
-6.175579;106.82717;-6.189364;106.873991;7400;22;Car
-6.175579;106.82717;-6.189364;106.873992;7400;19;Motorcycle
-6.175579;106.82717;-6189364;106.87399;7400;59;Bus
-6.175579;106.82717;-6.189364;106.873994;7400;71;Train
-6.175579;106.82717;-6.189364;106.873995;6300;88;Walking
-6.175579;106.82717;-6.189364;106.873996;6600;91;Walking
-6.175579;106.82717;-6.189364;106.873997;6500;93;Walking
-6.175579;106.82717;-6.189364;106.873998;9000;20;Car
-6.175579;106.82717;-6.189364;106.873999;7300;20;Car
-6.175579;106.82717;-6.189364;106.874;9000;18;Motorcycle
-6.175579;106.82717;-6.189364;106.874001;7900;19;Motorcycle
-6.175579;106.82717;-6.255507;106.842801;12500;45;Car
-6.175579;106.82717;-6.255507;106.842802;12100;48;Car
-6.175579;106.82717;-6.255507;106.842803;12200;51;Car
-6.175579;106.82717;-6.255507;106.842804;11700;31;Motorcycle
-6.175579;106.82717;-6.255507;106.842805;12000;30;Motorcycle
-6.175579;106.82717;-6.255507;106.842806;10200;32;Motorcycle
-6.175579;106.82717;-6.255507;106.842807;12500;77;Bus
-6.175579;106.82717;-6.255507;106.842808;12500;75;Bus
-6.175579;106.82717;-6.255507;106.842809;12500;83;Bus
-6.175579;106.82717;-6.255507;106.84281;12500;82;Bus
-6.175579;106.82717;-6.255507;106.842811;12500;66;Bus
-6.175579;106.82717;-6.255507;106.842812;12501;81;Train
-6.175579;106.82717;-6.255507;106.842813;10300;145;Walking
-6.175579;106.82717;-6.255507;106.842814;10400;146;Walking
-6.175579;106.82717;-6.255507;106.842815;10600;150;Walking
-6.175579;106.82717;-6.255507;106.842816;12500;61;Train
-6.175579;106.82717;-6.188281;106.733487;14500;43;Car
-6.175579;106.82717;-6.188281;106.733488;14100;49;Car
-6.175579;106.82717;-6.188281;106.733489;16500;52;Car
-6.175579;106.82717;-6.188281;106.73349;12500;41;Car
-6.175579;106.82717;-6.188281;106.733491;14900;40;Car
-6.175579;106.82717;-6.188281;106.733492;12600;51;Car
-6.175579;106.82717;-6.188281;106.733493;12600;34;Motorcycle
-6.175579;106.82717;-6.188281;106.733494;14100;34;Motorcycle
-6.175579;106.82717;-6.188281;106.733495;14300;33;Motorcycle
-6.175579;106.82717;-6.188281;106.733496;12500;118;Bus
-6.175579;106.82717;-6.188281;106.733497;12500;110;Bus
-6.175579;106.82717;-6.188281;106.733498;12500;107;Bus
-6.175579;106.82717;-6.188281;106.733487;12500;109;Bus
-6.175579;106.82717;-6.188281;106.733487;12500;127;Bus
-6.175579;106.82717;-6.188281;106.733487;12500;98;Bus
-6.175579;106.82717;-6.188281;106.733487;12500;93;Train
-6.175579;106.82717;-6.188281;106.733487;12500;117;Train
-6.175579;106.82717;-6.188281;106.733487;12500;114;Train
-6.175579;106.82717;-6.188281;106.733487;12500;96;Train
-6.175579;106.82717;-6.188281;106.733487;12500;118;Train
-6.175579;106.82717;-6.188281;106.733487;12500;120;Train
-6.175579;106.82717;-6.188281;106.733487;13100;185;Walking
-6.175579;106.82717;-6.188281;106.733487;13600;190;Walking
-6.175579;106.82717;-6.188281;106.733487;13400;190;Walking
-6.175579;106.82717;-6.238976;106.893722;14200;36;Car
-6.175579;106.82717;-6.238976;106.893722;12700;39;Car
-6.175579;106.82717;-6.238976;106.893722;16800;39;Car
-6.175579;106.82717;-6.238976;106.893722;16800;34;Car
-6.175579;106.82717;-6.238976;106.893722;14200;36;Car
-6.175579;106.82717;-6.238976;106.893722;12700;38;Car
-6.175579;106.82717;-6.238976;106.893722;12400;29;Motorcycle
-6.175579;106.82717;-6.238976;106.893722;13900;28;Motorcycle
-6.175579;106.82717;-6.238976;106.893722;14500;29;Motorcycle
-6.175579;106.82717;-6.238976;106.893722;14200;74;Bus
-6.175579;106.82717;-6.238976;106.893722;14200;97;Bus
-6.175579;106.82717;-6.238976;106.893722;14200;77;Bus
-6.175579;106.82717;-6.238976;106.893722;14200;84;Bus
-6.175579;106.82717;-6.238976;106.893722;14200;85;Bus
-6.175579;106.82717;-6.238976;106.893722;14200;91;Bus
-6.175579;106.82717;-6.238976;106.893722;14200;74;Train
-6.175579;106.82717;-6.238976;106.893722;14200;77;Train
-6.175579;106.82717;-6.238976;106.893722;14200;89;Train
-6.175579;106.82717;-6.238976;106.893722;14200;113;Train
-6.175579;106.82717;-6.238976;106.893722;14200;74;Train
-6.175579;106.82717;-6.238976;106.893722;14200;74;Train
-6.175579;106.82717;-6.238976;106.893722;1200;169;Walking
-6.175579;106.82717;-6.238976;106.893722;12300;172;Walking
-6.175579;106.82717;-6.238976;106.893722;12500;175;Walking
-6.175579;106.82717;-6.107999;106.778676;14800;53;Car
-6.175579;106.82717;-6.107999;106.778676;12600;57;Car
-6.175579;106.82717;-6.107999;106.778676;18700;60;Car
-6.175579;106.82717;-6.107999;106.778676;14200;51;Car
-6.175579;106.82717;-6.107999;106.778676;14800;53;Car
-6.175579;106.82717;-6.107999;106.778676;12600;53;Car
-6.175579;106.82717;-6.107999;106.778676;12600;37;Car
-6.175579;106.82717;-6.107999;106.778676;14700;39;Car
-6.175579;106.82717;-6.107999;106.778676;14800;39;Car
-6.175579;106.82717;-6.195286;106.818888;3400;12;Car
-6.175579;106.82717;-6.195286;106.818888;2300;34;Walking
-6.175579;106.82717;-6.195286;106.818888;2400;35;Walking
-6.175579;106.82717;-6.195286;106.818888;3400;9;Motorcycle
-6.175579;106.82717;-6.195286;106.818888;3400;10;Motorcycle
-6.175579;106.82717;-6.194493;106.823077;2900;10;Car
-6.175579;106.82717;-6.194493;106.823077;2900;7;Motorcycle
-6.175579;106.82717;-6.194493;106.823077;1900;27;Walking
-6.175579;106.82717;-6.194493;106.823077;1900;22;Bus
-6.175579;106.82717;-6.194493;106.823077;1900;21;Bus
-6.175579;106.82717;-6.194493;106.823077;2900;39;Bus
-6.175579;106.82717;-6.194493;106.823077;1900;26;Train
-6.175579;106.82717;-6.199145;106.823452;3400;11;Car
-6.175579;106.82717;-6.199145;106.823452;3400;9;Motorcycle
-6.175579;106.82717;-6.199145;106.823452;3400;29;Train
-6.175579;106.82717;-6.199145;106.823452;3400;27;Train
-6.175579;106.82717;-6.199145;106.823452;2700;37;Walking
-6.175579;106.82717;-6.199145;106.823452;2800;40;Walking
-6.175579;106.82717;-6.1872;106.823924;2800;12;Car
-6.175579;106.82717;-6.1872;106.823924;3500;14;Car
-6.175579;106.82717;-6.1872;106.823924;3500;16;Car
-6.175579;106.82717;-6.1872;106.823924;2100;6;Motorcycle
-6.175579;106.82717;-6.1872;106.823924;2500;7;Motorcycle
-6.175579;106.82717;-6.1872;106.823924;1400;21;Walking
-6.175579;106.82717;-6.1872;106.823924;1500;21;Walking
-6.175579;106.82717;-6.182621;106.819828;2200;8;Car
-6.175579;106.82717;-6.182621;106.819828;2400;9;Car
-6.175579;106.82717;-6.182621;106.819828;2500;9;Car
-6.175579;106.82717;-6.182621;106.819828;2200;7;Motorcycle
-6.175579;106.82717;-6.182621;106.819828;2400;7;Motorcycle
-6.175579;106.82717;-6.182621;106.819828;2500;7;Motorcycle
-6.175579;106.82717;-6.182621;106.819828;1000;14;Walking
-6.175579;106.82717;-6.170615;106.831328;1700;3;Car
-6.175579;106.82717;-6.170615;106.831328;1600;4;Car
-6.175579;106.82717;-6.170615;106.831328;1700;3;Motorcycle
-6.175579;106.82717;-6.170615;106.831328;1600;3;Motorcycle
-6.175579;106.82717;-6.170615;106.831328;850;12;Walking
-6.175579;106.82717;-6.170615;106.831328;900;12;Walking
-6.175579;106.82717;-6.170615;106.831328;950;13;Walking
-6.175579;106.82717;-6.166605;106.830271;2000;6;Car
-6.175579;106.82717;-6.166605;106.830271;2000;5;Motorcycle
-6.175579;106.82717;-6.166605;106.830271;1200;17;Walking
-6.175579;106.82717;-6.166605;106.830271;1300;19;Walking
-6.175579;106.82717;-6.166605;106.830271;1400;20;Walking
-6.175579;106.82717;-6.16098;106.818769;2200;12;Car
-6.175579;106.82717;-6.16098;106.818769;2100;13;Car
-6.175579;106.82717;-6.16098;106.818769;2000;7;Motorcycle
-6.175579;106.82717;-6.16098;106.818769;2000;7;Motorcycle
-6.175579;106.82717;-6.16098;106.818769;1500;23;Walking
-6.175579;106.82717;-6.16098;106.818769;2100;30;Walking
-6.175579;106.82717;-6.127366;106.834157;7200;28;Car
-6.175579;106.82717;-6.127366;106.834157;7100;28;Car
-6.175579;106.82717;-6.127366;106.834157;11300;26;Car
-6.175579;106.82717;-6.127366;106.834157;7200;19;Motorcycle
-6.175579;106.82717;-6.127366;106.834157;8000;22;Motorcycle
-6.175579;106.82717;-6.127366;106.834157;7000;98;Walking
-6.175579;106.82717;-6.127366;106.834157;7300;100;Walking
-6.17693;106.830371;-6.138294;106.814773;7000;26;Car
-6.17693;106.830371;-6.138294;106.814773;5400;28;Car
-6.17693;106.830371;-6.138294;106.814773;6900;29;Car
-6.17693;106.830371;-6.138294;106.814773;6900;17;Motorcycle
-6.17693;106.830371;-6.138294;106.814773;5400;18;Motorcycle
-6.17693;106.830371;-6.138294;106.814773;7800;23;Motorcycle
-6.17693;106.830371;-6.138294;106.814773;7800;39;Train
-6.17693;106.830371;-6.138294;106.814773;7800;32;Bus
-6.17693;106.830371;-6.138294;106.814773;7800;57;Train
-6.17693;106.830371;-6.138294;106.814773;7800;60;Bus
-6.17693;106.830371;-6.138294;106.814773;7800;57;Bus
-6.17693;106.830371;-6.138294;106.814773;7800;53;Bus
-6.17693;106.830371;-6.330307;106.834945;30100;50;Car
-6.17693;106.830371;-6.330307;106.834945;21100;71;Car
-6.17693;106.830371;-6.330307;106.834945;21600;72;Car
-6.17693;106.830371;-6.330307;106.834945;21100;44;Motorcycle
-6.17693;106.830371;-6.330307;106.834945;21600;46;Motorcycle
-6.17693;106.830371;-6.330307;106.834945;22400;43;Motorcycle
-6.17693;106.830371;-6.330307;106.834945;21100;70;Bus
-6.17693;106.830371;-6.330307;106.834945;21100;170;Bus
-6.17693;106.830371;-6.330307;106.834945;21100;83;Bus
-6.17693;106.830371;-6.330307;106.834945;21100;92;Bus
-6.17693;106.830371;-6.330307;106.834945;21100;160;Bus
-6.17693;106.830371;-6.330307;106.834945;21100;180;Bus
-6.17693;106.830371;-6.330307;106.834945;21100;71;Train
-6.17693;106.830371;-6.330307;106.834945;21100;106;Train
-6.17693;106.830371;-6.330307;106.834945;19400;396;Walking
-6.17693;106.830371;-6.330307;106.834945;20000;402;Walking
-6.17693;106.830371;-6.330307;106.834945;20100;407;Walking
-6.17693;106.830371;-6.308092;106.838812;23700;64;Car
-6.17693;106.830371;-6.308092;106.838812;22600;71;Car
-6.17693;106.830371;-6.308092;106.838812;22100;70;Car
-6.17693;106.830371;-6.308092;106.838812;31200;55;Car
-6.17693;106.830371;-6.308092;106.838812;22700;60;Car
-6.17693;106.830371;-6.308092;106.838812;22100;70;Car
-6.17693;106.830371;-6.308092;106.838812;22600;49;Motorcycle
-6.17693;106.830371;-6.308092;106.838812;22100;48;Motorcycle
-6.17693;106.830371;-6.308092;106.838812;23500;47;Motorcycle
-6.17693;106.830371;-6.308092;106.838812;16700;69;Train
-6.17693;106.830371;-6.308092;106.838812;16700;111;Train
-6.17693;106.830371;-6.308092;106.838812;16700;69;Bus
-6.17693;106.830371;-6.308092;106.838812;16700;81;Bus
-6.17693;106.830371;-6.308092;106.838812;16700;90;Bus
-6.17693;106.830371;-6.308092;106.838812;16700;417;Walking
-6.17693;106.830371;-6.308092;106.838812;17300;364;Walking
-6.17693;106.830371;-6.308092;106.838812;17400;369;Walking
-6.17693;106.830371;-6.254269;106.855289;14400;50;Car
-6.17693;106.830371;-6.254269;106.855289;16900;49;Car
-6.17693;106.830371;-6.254269;106.855289;16800;51;Car
-6.17693;106.830371;-6.254269;106.855289;14300;49;Car
-6.17693;106.830371;-6.254269;106.855289;14000;47;Car
-6.17693;106.830371;-6.254269;106.855289;14300;50;Car
-6.17693;106.830371;-6.254269;106.855289;14300;36;Motorcycle
-6.17693;106.830371;-6.254269;106.855289;14500;32;Motorcycle
-6.17693;106.830371;-6.254269;106.855289;13800;35;Motorcycle
-6.17693;106.830371;-6.254269;106.855289;14300;34;Motorcycle
-6.17693;106.830371;-6.254269;106.855289;14300;36;Motorcycle
-6.17693;106.830371;-6.254269;106.855289;14500;33;Motorcycle
-6.17693;106.830371;-6.254269;106.855289;10000;57;Bus
-6.17693;106.830371;-6.254269;106.855289;10000;106;Bus
-6.17693;106.830371;-6.254269;106.855289;10000;106;Bus
-6.17693;106.830371;-6.254269;106.855289;10000;136;Bus
-6.17693;106.830371;-6.254269;106.855289;10000;135;Bus
-6.17693;106.830371;-6.254269;106.855289;10000;57;Train
-6.17693;106.830371;-6.254269;106.855289;10000;88;Train
-6.17693;106.830371;-6.254269;106.855289;10900;153;Walking
-6.17693;106.830371;-6.254269;106.855289;11000;156;Walking
-6.17693;106.830371;-6.254269;106.855289;11000;155;Walking
-6.17693;106.830371;-6.242796;106.858787;13100;35;Car
-6.17693;106.830371;-6.242796;106.858787;13200;40;Car
-6.17693;106.830371;-6.242796;106.858787;12600;39;Car
-6.17693;106.830371;-6.242796;106.858787;13200;32;Car
-6.17693;106.830371;-6.242796;106.858787;12600;37;Car
-6.17693;106.830371;-6.242796;106.858787;15700;36;Car
-6.17693;106.830371;-6.242796;106.858787;13200;29;Motorcycle
-6.17693;106.830371;-6.242796;106.858787;13100;27;Motorcycle
-6.17693;106.830371;-6.242796;106.858787;12600;28;Motorcycle
-6.17693;106.830371;-6.242796;106.858787;13200;29;Motorcycle
-6.17693;106.830371;-6.242796;106.858787;12600;28;Motorcycle
-6.17693;106.830371;-6.242796;106.858787;13100;27;Motorcycle
-6.17693;106.830371;-6.242796;106.858787;9000;55;Train
-6.17693;106.830371;-6.242796;106.858787;9000;86;Train
-6.17693;106.830371;-6.242796;106.858787;13000;100;Bus
-6.17693;106.830371;-6.242796;106.858787;13000;102;Bus
-6.17693;106.830371;-6.242796;106.858787;13000;54;Bus
-6.17693;106.830371;-6.242796;106.858787;13000;113;Bus
-6.17693;106.830371;-6.242796;106.858787;13000;115;Bus
-6.17693;106.830371;-6.242796;106.858787;13000;82;Bus
-6.17693;106.830371;-6.242796;106.858787;9200;128;Walking
-6.17693;106.830371;-6.242796;106.858787;9400;132;Walking
-6.17693;106.830371;-6.242796;106.858787;9600;135;Walking
-6.17693;106.830371;-6.209673;106.85033;8400;23;Car
-6.17693;106.830371;-6.209673;106.85033;8400;24;Car
-6.17693;106.830371;-6.209673;106.85033;8800;27;Car
-6.17693;106.830371;-6.209673;106.85033;8400;19;Motorcycle
-6.17693;106.830371;-6.209673;106.85033;10700;23;Motorcycle
-6.17693;106.830371;-6.209673;106.85033;9200;22;Motorcycle
-6.17693;106.830371;-6.209673;106.85033;10000;83;Bus
-6.17693;106.830371;-6.209673;106.85033;8000;51;Bus
-6.17693;106.830371;-6.209673;106.85033;8400;57;Bus
-6.17693;106.830371;-6.209673;106.85033;8800;59;Bus
-6.17693;106.830371;-6.209673;106.85033;8900;60;Bus
-6.17693;106.830371;-6.209673;106.85033;9200;62;Bus
-6.17693;106.830371;-6.209673;106.85033;7000;56;Train
-6.17693;106.830371;-6.209673;106.85033;7200;59;Train
-6.17693;106.830371;-6.209673;106.85033;7400;59;Train
-6.17693;106.830371;-6.209673;106.85033;8000;75;Train
-6.17693;106.830371;-6.209673;106.85033;8100;86;Train
-6.17693;106.830371;-6.209673;106.85033;4800;68;Walking
-6.17693;106.830371;-6.209673;106.85033;5600;79;Walking
-6.17693;106.830371;-6.209673;106.85033;5800;81;Walking
-6.360666;106.831636;-6.368847;106.832458;5900;15;Car
-6.360666;106.831636;-6.368847;106.832458;6600;17;Car
-6.360666;106.831636;-6.368847;106.832458;6600;16;Car
-6.360666;106.831636;-6.368847;106.832458;5900;18;Car
-6.360666;106.831636;-6.368847;106.832458;1200;4;Motorcycle
-6.360666;106.831636;-6.368847;106.832458;1200;1;Train
-6.360666;106.831636;-6.368847;106.832458;1200;17;Walking
-6.360666;106.831636;-6.368847;106.832458;1200;17;Walking
-6.360666;106.831636;-6.368847;106.832458;1300;18;Walking
-6.360666;106.831636;-6.362608;106.830462;500;5;Car
-6.360666;106.831636;-6.362608;106.830462;500;2;Motorcycle
-6.360666;106.831636;-6.362608;106.830462;400;6;Walking
-6.360666;106.831636;-6.362608;106.830462;450;4;Walking
-6.360666;106.831636;-6.360961;106.823457;1100;15;Walking
-6.360666;106.831636;-6.360961;106.823457;1200;17;Walking
-6.360666;106.831636;-6.360961;106.823457;1400;4;Car
-6.360666;106.831636;-6.360961;106.823457;1400;3;Motorcycle
-6.360666;106.831636;-6.372382;106.833025;5100;11;Motorcycle
-6.360666;106.831636;-6.372382;106.833025;5900;12;Motorcycle
-6.360666;106.831636;-6.372382;106.833025;5100;12;Car
-6.360666;106.831636;-6.372382;106.833025;5900;14;Car
-6.360666;106.831636;-6.372382;106.833025;1500;20;Bus
-6.360666;106.831636;-6.372382;106.833025;1600;22;Bus
-6.360666;106.831636;-6.372382;106.833025;1500;20;Walking
-6.360666;106.831636;-6.372382;106.833025;1600;21;Walking
-6.360666;106.831636;-6.368459;106.829897;1600;5;Car
-6.360666;106.831636;-6.368459;106.829897;2100;7;Car
-6.360666;106.831636;-6.368459;106.829897;2200;7;Car
-6.360666;106.831636;-6.368459;106.829897;1700;5;Motorcycle
-6.360666;106.831636;-6.368459;106.829897;1600;5;Motorcycle
-6.360666;106.831636;-6.368459;106.829897;2200;6;Motorcycle
-6.360666;106.831636;-6.368459;106.829897;1200;16;Walking
-6.360666;106.831636;-6.368459;106.829897;1200;17;Walking
-6.360666;106.831636;-6.368459;106.829897;1300;18;Walking
-6.360666;106.831636;-6.391395;106.821992;7800;23;Car
-6.360666;106.831636;-6.391395;106.821992;8500;24;Car
-6.360666;106.831636;-6.391395;106.821992;7000;17;Motorcycle
-6.360666;106.831636;-6.391395;106.821992;7800;18;Motorcycle
-6.360666;106.831636;-6.391395;106.821992;4000;6;Train
-6.360666;106.831636;-6.391395;106.821992;7800;32;Train
-6.360666;106.831636;-6.391395;106.821992;8000;41;Train
-6.360666;106.831636;-6.391395;106.821992;4200;58;Walking
-6.360666;106.831636;-6.391395;106.821992;5100;72;Walking
-6.360666;106.831636;-6.405294;106.81731;10700;32;Car
-6.360666;106.831636;-6.405294;106.81731;11400;33;Car
-6.360666;106.831636;-6.405294;106.81731;10700;25;Motorcycle
-6.360666;106.831636;-6.405294;106.81731;5500;10;Train
-6.360666;106.831636;-6.405294;106.81731;10000;51;Train
-6.360666;106.831636;-6.405294;106.81731;5800;82;Walking
-6.360666;106.831636;-6.400004;106.825169;9100;29;Car
-6.360666;106.831636;-6.400004;106.825169;9800;29;Car
-6.360666;106.831636;-6.400004;106.825169;8500;21;Motorcycle
-6.360666;106.831636;-6.400004;106.825169;9100;23;Motorcycle
-6.360666;106.831636;-6.400004;106.825169;9100;43;Bus
-6.360666;106.831636;-6.400004;106.825169;5200;72;Walking
-6.360666;106.831636;-6.400004;106.825169;5600;79;Walking
-6.360666;106.831636;-6.400004;106.825169;6800;85;Walking
-6.360666;106.831636;-6.387009;106.827421;3400;48;Walking
-6.360666;106.831636;-6.387009;106.827421;6200;18;Motorcycle
-6.360666;106.831636;-6.387009;106.827421;7300;19;Motorcycle
-6.360666;106.831636;-6.387009;106.827421;7300;25;Car
-6.360666;106.831636;-6.387009;106.827421;8000;26;Car
-6.360666;106.831636;-6.387009;106.827421;3400;31;Bus
-6.360666;106.831636;-6.396239;106.837206;5100;71;Walking
-6.360666;106.831636;-6.396239;106.837206;5400;75;Walking
-6.360666;106.831636;-6.396239;106.837206;10400;36;Car
-6.360666;106.831636;-6.396239;106.837206;10500;36;Car
-6.360666;106.831636;-6.396239;106.837206;11200;37;Car
-6.360666;106.831636;-6.396239;106.837206;10500;27;Motorcycle
-6.360666;106.831636;-6.396239;106.837206;10400;29;Motorcycle
-6.360666;106.831636;-6.396239;106.837206;11500;30;Motorcycle
-6.270039;106.688378;-6.291219;106.727134;6400;18;Car
-6.270039;106.688378;-6.291219;106.727134;7500;14;Car
-6.270039;106.688378;-6.291219;106.727134;6400;17;Motorcycle
-6.270039;106.688378;-6.291219;106.727134;7500;14;Motorcycle
-6.270039;106.688378;-6.291219;106.727134;5700;79;Walking
-6.270039;106.688378;-6.291219;106.727134;6100;83;Walking
-6.270039;106.688378;-6.291219;106.727134;5900;82;Walking
-6.245164;106.650372;-6.258345;106.651316;1600;5;Car
-6.245164;106.650372;-6.258345;106.651316;1600;3;Motorcycle
-6.245164;106.650372;-6.258345;106.651316;1600;18;Bus
-6.245164;106.650372;-6.258345;106.651316;1600;22;Walking
-6.246284;106.649462;-6.274145;106.657311;3200;6;Car
-6.246284;106.649462;-6.274145;106.657311;3200;5;Motorcycle
-6.246284;106.649462;-6.274145;106.657311;3200;23;Bus
-6.246284;106.649462;-6.274145;106.657311;3200;44;Walking
-6.246284;106.649462;-6.284748;106.673043;5500;9;Car
-6.246284;106.649462;-6.284748;106.673043;5500;9;Motorcycle
-6.246284;106.649462;-6.284748;106.673043;5500;75;Walking
-6.246284;106.649462;-6.298733;106.6677;6400;14;Car
-6.246284;106.649462;-6.298733;106.6677;6400;11;Motorcycle
-6.246284;106.649462;-6.298733;106.6677;6400;26;Bus
-6.246284;106.649462;-6.298733;106.6677;6400;88;Walking
-6.234111;106.672587;-6.252265;106.669179;2300;2;Car
-6.234111;106.672587;-6.252265;106.669179;2400;8;Motorcycle
-6.234111;106.672587;-6.252265;106.669179;3300;10;Motorcycle
-6.234111;106.672587;-6.252265;106.669179;2400;34;Walking
-6.271951;106.698236;-6.272573;106.714973;2000;4;Car
-6.271951;106.698236;-6.272573;106.714973;2000;4;Motorcycle
-6.271951;106.698236;-6.272573;106.714973;2000;26;Walking
-6.271951;106.698236;-6.281122;106.726022;3600;7;Car
-6.271951;106.698236;-6.281122;106.726022;3600;6;Motorcycle
-6.271951;106.698236;-6.281122;106.726022;3600;49;Walking
-6.271951;106.698236;-6.281122;106.726022;3900;55;Walking
-6.271951;106.698236;-6.281122;106.726022;4100;57;Walking
-6.329555;106.685955;-6.3468;106.691516;2300;11;Car
-6.329555;106.685955;-6.3468;106.691516;2300;7;Motorcycle
-6.329555;106.685955;-6.3468;106.691516;2600;8;Motorcycle
-6.329555;106.685955;-6.3468;106.691516;2300;33;Walking
-6.329555;106.685955;-6.3468;106.691516;2600;36;Walking
-6.329555;106.685955;-6.347038;106.706844;3900;15;Car
-6.329555;106.685955;-6.347038;106.706844;4000;16;Car
-6.329555;106.685955;-6.347038;106.706844;4100;18;Car
-6.329555;106.685955;-6.347038;106.706844;4000;11;Motorcycle
-6.329555;106.685955;-6.347038;106.706844;3900;12;Motorcycle
-6.329555;106.685955;-6.347038;106.706844;3900;55;Walking
-6.329555;106.685955;-6.347038;106.706844;4000;56;Walking
-6.329555;106.685955;-6.344239;106.736677;7700;27;Car
-6.329555;106.685955;-6.344239;106.736677;7700;19;Motorcycle
-6.329555;106.685955;-6.344239;106.736677;7300;103;Walking
-6.329555;106.685955;-6.344239;106.736677;7600;107;Walking
-6.295418;106.764896;-6.329555;106.685955;7700;30;Car
-6.295418;106.764896;-6.329555;106.685955;7700;20;Motorcycle
-6.295418;106.764896;-6.329555;106.685955;9300;26;Motorcycle
-6.295418;106.764896;-6.329555;106.685955;7100;98;Walking
-6.295418;106.764896;-6.329555;106.685955;7600;106;Walking
-6.295418;106.764896;-6.329555;106.685955;8400;118;Walking
-6.2297;106.721764;-6.242885;106.707538;2700;7;Car
-6.2297;106.721764;-6.242885;106.707538;2500;8;Car
-6.2297;106.721764;-6.242885;106.707538;2700;6;Motorcycle
-6.2297;106.721764;-6.242885;106.707538;2500;36;Walking
-6.2297;106.721764;-6.242885;106.707538;2500;35;Walking
-6.276721;106.744878;-6.297;106.712524;7000;24;Car
-6.276721;106.744878;-6.297;106.712524;6900;24;Car
-6.276721;106.744878;-6.297;106.712524;7000;19;Motorcycle
-6.276721;106.744878;-6.297;106.712524;6900;19;Motorcycle
-6.276721;106.744878;-6.297;106.712524;6200;21;Motorcycle
-6.276721;106.744878;-6.297;106.712524;7000;7;Train
-6.276721;106.744878;-6.297;106.712524;6000;83;Walking
-6.276721;106.744878;-6.297;106.712524;6300;89;Walking
-6.276721;106.744878;-6.297;106.712524;6500;90;Walking
-6.276721;106.744878;-6.315232;106.67599;11200;18;Car
-6.276721;106.744878;-6.315232;106.67599;12600;33;Motorcycle
-6.276721;106.744878;-6.315232;106.67599;13500;33;Motorcycle
-6.276721;106.744878;-6.315232;106.67599;15500;34;Motorcycle
-6.276721;106.744878;-6.315232;106.67599;11000;13;Train
-6.276721;106.744878;-6.315232;106.67599;11800;164;Walking
-6.276721;106.744878;-6.324723;106.641747;17000;27;Car
-6.276721;106.744878;-6.324723;106.641747;18900;45;Motorcycle
-6.276721;106.744878;-6.324723;106.641747;21300;45;Motorcycle
-6.276721;106.744878;-6.324723;106.641747;20300;48;Motorcycle
-6.276721;106.744878;-6.324723;106.641747;16000;21;Train
-6.276721;106.744878;-6.324723;106.641747;16800;234;Walking
-6.277501;106.664601;-6.287131;106.638752;5400;12;Car
-6.277501;106.664601;-6.287131;106.638752;5400;10;Motorcycle
-6.277501;106.664601;-6.287131;106.638752;3500;48;Walking
-6.277501;106.664601;-6.287131;106.638752;4700;64;Walking
-6.287416;106.640188;-6.318213;106.643707;3600;7;Car
-6.287416;106.640188;-6.318213;106.643707;3600;7;Motorcycle
-6.287416;106.640188;-6.318213;106.643707;3600;24;Bus
-6.287416;106.640188;-6.318213;106.643707;3600;50;Walking
-6.287416;106.640188;-6.318213;106.643707;4000;57;Walking
-6.287416;106.640188;-6.272262;106.621213;4200;9;Car
-6.287416;106.640188;-6.272262;106.621213;4500;10;Car
-6.287416;106.640188;-6.272262;106.621213;4200;8;Motorcycle
-6.287416;106.640188;-6.272262;106.621213;4500;9;Motorcycle
-6.287416;106.640188;-6.272262;106.621213;3800;53;Walking
-6.287416;106.640188;-6.272262;106.621213;4000;54;Walking
-6.23568;106.631784;-6.25119;106.625241;1900;4;Car
-6.23568;106.631784;-6.25119;106.625241;1900;4;Motorcycle
-6.23568;106.631784;-6.25119;106.625241;1900;18;Bus
-6.23568;106.631784;-6.25119;106.625241;1900;26;Walking
-6.23568;106.631784;-6.274032;106.615569;4700;11;Car
-6.23568;106.631784;-6.274032;106.615569;4700;10;Motorcycle
-6.23568;106.631784;-6.274032;106.615569;4700;65;Walking
-6.23568;106.631784;-6.274032;106.615569;4700;66;Walking
-6.23568;106.631784;-6.274032;106.615569;5800;81;Walking
-6.23568;106.631784;-6.251495;106.608987;3800;10;Car
-6.23568;106.631784;-6.251495;106.608987;3800;9;Motorcycle
-6.23568;106.631784;-6.251495;106.608987;4600;11;Motorcycle
-6.23568;106.631784;-6.251495;106.608987;4000;47;Bus
-6.23568;106.631784;-6.251495;106.608987;3800;52;Walking
-6.23568;106.631784;-6.251495;106.608987;3700;52;Walking
-6.236831;106.645893;-6.278087;106.6613;5100;11;Car
-6.236831;106.645893;-6.278087;106.6613;5100;9;Motorcycle
-6.236831;106.645893;-6.278087;106.6613;5100;23;Bus
-6.236831;106.645893;-6.278087;106.6613;5100;70;Walking
-6.291219;106.727134;-6.270039;106.688378;6400;18;Car
-6.291219;106.727134;-6.270039;106.688378;7500;14;Car
-6.291219;106.727134;-6.270039;106.688378;6400;17;Motorcycle
-6.291219;106.727134;-6.270039;106.688378;7500;14;Motorcycle
-6.291219;106.727134;-6.270039;106.688378;5700;79;Walking
-6.291219;106.727134;-6.270039;106.688378;6100;83;Walking
-6.291219;106.727134;-6.270039;106.688378;5900;82;Walking
-6.258345;106.651316;-6.245164;106.650372;1600;5;Car
-6.258345;106.651316;-6.245164;106.650372;1600;3;Motorcycle
-6.258345;106.651316;-6.245164;106.650372;1600;18;Bus
-6.258345;106.651316;-6.245164;106.650372;1600;22;Walking
-6.274145;106.657311;-6.246284;106.649462;3200;6;Car
-6.274145;106.657311;-6.246284;106.649462;3200;5;Motorcycle
-6.274145;106.657311;-6.246284;106.649462;3200;23;Bus
-6.274145;106.657311;-6.246284;106.649462;3200;44;Walking
-6.284748;106.673043;-6.246284;106.649462;5500;9;Car
-6.284748;106.673043;-6.246284;106.649462;5500;9;Motorcycle
-6.284748;106.673043;-6.246284;106.649462;5500;75;Walking
-6.298733;106.6677;-6.246284;106.649462;6400;14;Car
-6.298733;106.6677;-6.246284;106.649462;6400;11;Motorcycle
-6.298733;106.6677;-6.246284;106.649462;6400;26;Bus
-6.298733;106.6677;-6.246284;106.649462;6400;88;Walking
-6.252265;106.669179;-6.234111;106.672587;2300;2;Car
-6.252265;106.669179;-6.234111;106.672587;2400;8;Motorcycle
-6.252265;106.669179;-6.234111;106.672587;3300;10;Motorcycle
-6.252265;106.669179;-6.234111;106.672587;2400;34;Walking
-6.272573;106.714973;-6.271951;106.698236;2000;4;Car
-6.272573;106.714973;-6.271951;106.698236;2000;4;Motorcycle
-6.272573;106.714973;-6.271951;106.698236;2000;26;Walking
-6.281122;106.726022;-6.271951;106.698236;3600;7;Car
-6.281122;106.726022;-6.271951;106.698236;3600;6;Motorcycle
-6.281122;106.726022;-6.271951;106.698236;3600;49;Walking
-6.281122;106.726022;-6.271951;106.698236;3900;55;Walking
-6.281122;106.726022;-6.271951;106.698236;4100;57;Walking
-6.3468;106.691516;-6.329555;106.685955;2300;11;Car
-6.3468;106.691516;-6.329555;106.685955;2300;7;Motorcycle
-6.3468;106.691516;-6.329555;106.685955;2600;8;Motorcycle
-6.3468;106.691516;-6.329555;106.685955;2300;33;Walking
-6.3468;106.691516;-6.329555;106.685955;2600;36;Walking
-6.347038;106.706844;-6.329555;106.685955;3900;15;Car
-6.347038;106.706844;-6.329555;106.685955;4000;16;Car
-6.347038;106.706844;-6.329555;106.685955;4100;18;Car
-6.347038;106.706844;-6.329555;106.685955;4000;11;Motorcycle
-6.347038;106.706844;-6.329555;106.685955;3900;12;Motorcycle
-6.347038;106.706844;-6.329555;106.685955;3900;55;Walking
-6.347038;106.706844;-6.329555;106.685955;4000;56;Walking
-6.344239;106.736677;-6.329555;106.685955;7700;27;Car
-6.344239;106.736677;-6.329555;106.685955;7700;19;Motorcycle
-6.344239;106.736677;-6.329555;106.685955;7300;103;Walking
-6.344239;106.736677;-6.329555;106.685955;7600;107;Walking
-6.329555;106.685955;-6.295418;106.764896;7700;30;Car
-6.329555;106.685955;-6.295418;106.764896;7700;20;Motorcycle
-6.329555;106.685955;-6.295418;106.764896;9300;26;Motorcycle
-6.329555;106.685955;-6.295418;106.764896;7100;98;Walking
-6.329555;106.685955;-6.295418;106.764896;7600;106;Walking
-6.329555;106.685955;-6.295418;106.764896;8400;118;Walking
-6.242885;106.707538;-6.2297;106.721764;2700;7;Car
-6.242885;106.707538;-6.2297;106.721764;2500;8;Car
-6.242885;106.707538;-6.2297;106.721764;2700;6;Motorcycle
-6.242885;106.707538;-6.2297;106.721764;2500;36;Walking
-6.242885;106.707538;-6.2297;106.721764;2500;35;Walking
-6.297;106.712524;-6.276721;106.744878;7000;24;Car
-6.297;106.712524;-6.276721;106.744878;6900;24;Car
-6.297;106.712524;-6.276721;106.744878;7000;19;Motorcycle
-6.297;106.712524;-6.276721;106.744878;6900;19;Motorcycle
-6.297;106.712524;-6.276721;106.744878;6200;21;Motorcycle
-6.297;106.712524;-6.276721;106.744878;7000;7;Train
-6.297;106.712524;-6.276721;106.744878;6000;83;Walking
-6.297;106.712524;-6.276721;106.744878;6300;89;Walking
-6.297;106.712524;-6.276721;106.744878;6500;90;Walking
-6.315232;106.67599;-6.276721;106.744878;11200;18;Car
-6.315232;106.67599;-6.276721;106.744878;12600;33;Motorcycle
-6.315232;106.67599;-6.276721;106.744878;13500;33;Motorcycle
-6.315232;106.67599;-6.276721;106.744878;15500;34;Motorcycle
-6.315232;106.67599;-6.276721;106.744878;11000;13;Train
-6.315232;106.67599;-6.276721;106.744878;11800;164;Walking
-6.324723;106.641747;-6.276721;106.744878;17000;27;Car
-6.324723;106.641747;-6.276721;106.744878;18900;45;Motorcycle
-6.324723;106.641747;-6.276721;106.744878;21300;45;Motorcycle
-6.324723;106.641747;-6.276721;106.744878;20300;48;Motorcycle
-6.324723;106.641747;-6.276721;106.744878;16000;21;Train
-6.324723;106.641747;-6.276721;106.744878;16800;234;Walking
-6.287131;106.638752;-6.277501;106.664601;5400;12;Car
-6.287131;106.638752;-6.277501;106.664601;5400;10;Motorcycle
-6.287131;106.638752;-6.277501;106.664601;3500;48;Walking
-6.287131;106.638752;-6.277501;106.664601;4700;64;Walking
-6.318213;106.643707;-6.287416;106.640188;3600;7;Car
-6.318213;106.643707;-6.287416;106.640188;3600;7;Motorcycle
-6.318213;106.643707;-6.287416;106.640188;3600;24;Bus
-6.318213;106.643707;-6.287416;106.640188;3600;50;Walking
-6.318213;106.643707;-6.287416;106.640188;4000;57;Walking
-6.272262;106.621213;-6.287416;106.640188;4200;9;Car
-6.272262;106.621213;-6.287416;106.640188;4500;10;Car
-6.272262;106.621213;-6.287416;106.640188;4200;8;Motorcycle
-6.272262;106.621213;-6.287416;106.640188;4500;9;Motorcycle
-6.272262;106.621213;-6.287416;106.640188;3800;53;Walking
-6.272262;106.621213;-6.287416;106.640188;4000;54;Walking
-6.25119;106.625241;-6.23568;106.631784;1900;4;Car
-6.25119;106.625241;-6.23568;106.631784;1900;4;Motorcycle
-6.25119;106.625241;-6.23568;106.631784;1900;18;Bus
-6.25119;106.625241;-6.23568;106.631784;1900;26;Walking
-6.274032;106.615569;-6.23568;106.631784;4700;11;Car
-6.274032;106.615569;-6.23568;106.631784;4700;10;Motorcycle
-6.274032;106.615569;-6.23568;106.631784;4700;65;Walking
-6.274032;106.615569;-6.23568;106.631784;4700;66;Walking
-6.274032;106.615569;-6.23568;106.631784;5800;81;Walking
-6.251495;106.608987;-6.23568;106.631784;3800;10;Car
-6.251495;106.608987;-6.23568;106.631784;3800;9;Motorcycle
-6.251495;106.608987;-6.23568;106.631784;4600;11;Motorcycle
-6.251495;106.608987;-6.23568;106.631784;4000;47;Bus
-6.251495;106.608987;-6.23568;106.631784;3800;52;Walking
-6.251495;106.608987;-6.23568;106.631784;3700;52;Walking
-6.278087;106.6613;-6.236831;106.645893;5100;11;Car
-6.278087;106.6613;-6.236831;106.645893;5100;9;Motorcycle
-6.278087;106.6613;-6.236831;106.645893;5100;23;Bus
-6.278087;106.6613;-6.236831;106.645893;5100;70;Walking
-6.170039;106.633426;-6.185948;106.615534;2900;7;Car
-6.170039;106.633426;-6.185948;106.615534;2900;9;Car
-6.170039;106.633426;-6.185948;106.615534;2900;6;Motorcycle
-6.170039;106.633426;-6.185948;106.615534;2900;23;Bus
-6.170039;106.633426;-6.185948;106.615534;2900;41;Walking
-6.170039;106.633426;-6.188211;106.604617;4200;10;Car
-6.170039;106.633426;-6.188211;106.604617;4200;9;Motorcycle
-6.170039;106.633426;-6.188211;106.604617;4200;29;Bus
-6.170039;106.633426;-6.188211;106.604617;4200;59;Walking
-6.170039;106.633426;-6.188211;106.604617;4800;67;Walking
-6.170039;106.633426;-6.188211;106.604617;4900;69;Walking
-6.170039;106.633426;-6.189307;106.593211;5500;13;Car
-6.170039;106.633426;-6.189307;106.593211;5500;12;Motorcycle
-6.170039;106.633426;-6.189307;106.593211;5500;30;Bus
-6.170039;106.633426;-6.189307;106.593211;5500;76;Walking
-6.170039;106.633426;-6.189307;106.593211;6400;89;Walking
-6.170039;106.633426;-6.189307;106.593211;7300;102;Walking
-6.170039;106.633426;-6.194735;106.585812;6600;15;Car
-6.170039;106.633426;-6.194735;106.585812;6600;14;Motorcycle
-6.170039;106.633426;-6.194735;106.585812;6600;32;Bus
-6.170039;106.633426;-6.194735;106.585812;6500;91;Walking
-6.170039;106.633426;-6.194735;106.585812;7200;100;Walking
-6.170039;106.633426;-6.200035;106.574551;8000;19;Car
-6.170039;106.633426;-6.200035;106.574551;8000;16;Motorcycle
-6.170039;106.633426;-6.200035;106.574551;8000;33;Bus
-6.170039;106.633426;-6.200035;106.574551;7900;110;Walking
-6.170039;106.633426;-6.200035;106.574551;8600;120;Walking
-6.170039;106.633426;-6.206509;106.56897;9000;22;Car
-6.170039;106.633426;-6.206509;106.56897;9000;18;Motorcycle
-6.170039;106.633426;-6.206509;106.56897;9000;34;Bus
-6.170039;106.633426;-6.206509;106.56897;8900;124;Walking
-6.170039;106.633426;-6.206509;106.56897;9500;133;Walking
-6.116693;106.680705;-6.128318;106.654726;3200;4;Car
-6.116693;106.680705;-6.128318;106.654726;3200;4;Motorcycle
-6.116693;106.680705;-6.128318;106.654726;3500;48;Walking
-6.116693;106.680705;-6.135674;106.634224;6200;8;Car
-6.116693;106.680705;-6.135674;106.634224;13900;26;Motorcycle
-6.116693;106.680705;-6.135674;106.634224;13700;29;Motorcycle
-6.127174;106.633982;-6.142022;106.633242;1700;4;Car
-6.127174;106.633982;-6.142022;106.633242;1700;4;Motorcycle
-6.127174;106.633982;-6.142022;106.633242;1700;23;Walking
-6.136501;106.63317;-6.154867;106.63282;2000;4;Car
-6.136501;106.63317;-6.154867;106.63282;2000;4;Motorcycle
-6.136501;106.63317;-6.154867;106.63282;2000;18;Bus
-6.136501;106.63317;-6.154867;106.63282;2000;28;Walking
-6.136501;106.63317;-6.154867;106.63282;2200;30;Walking
-6.136501;106.63317;-6.160368;106.632446;2800;5;Car
-6.136501;106.63317;-6.160368;106.632446;2800;5;Motorcycle
-6.136501;106.63317;-6.160368;106.632446;2800;21;Bus
-6.136501;106.63317;-6.160368;106.632446;2800;38;Walking
-6.136501;106.63317;-6.160368;106.632446;3100;43;Walking
-6.136501;106.63317;-6.160368;106.632446;3600;50;Walking
-6.136501;106.63317;-6.167048;106.639787;4000;8;Car
-6.136501;106.63317;-6.167048;106.639787;4000;8;Motorcycle
-6.136501;106.63317;-6.167048;106.639787;4000;31;Bus
-6.136501;106.63317;-6.167048;106.639787;4000;55;Walking
-6.136501;106.63317;-6.167048;106.639787;4400;60;Walking
-6.136501;106.63317;-6.167048;106.639787;4900;68;Walking
-6.136501;106.63317;-6.164922;106.65553;6000;12;Car
-6.136501;106.63317;-6.164922;106.65553;6000;11;Motorcycle
-6.136501;106.63317;-6.164922;106.65553;6500;12;Motorcycle
-6.136501;106.63317;-6.164922;106.65553;5400;74;Walking
-6.136501;106.63317;-6.164922;106.65553;5600;77;Walking
-6.136501;106.63317;-6.164922;106.65553;5900;81;Walking
-6.167921;106.644098;-6.184434;106.643161;1900;4;Car
-6.167921;106.644098;-6.184434;106.643161;1900;4;Motorcycle
-6.167921;106.644098;-6.184434;106.643161;1900;15;Bus
-6.167921;106.644098;-6.184434;106.643161;1900;26;Walking
-6.167921;106.644098;-6.193967;106.636462;3300;6;Car
-6.167921;106.644098;-6.193967;106.636462;3300;6;Motorcycle
-6.167921;106.644098;-6.193967;106.636462;3300;18;Bus
-6.167921;106.644098;-6.193967;106.636462;3300;46;Walking
-6.184697;106.64771;-6.1879;106.662506;1700;4;Car
-6.184697;106.64771;-6.1879;106.662506;1700;3;Motorcycle
-6.184697;106.64771;-6.1879;106.662506;1700;14;Bus
-6.184697;106.64771;-6.1879;106.662506;1700;23;Bus
-6.184697;106.64771;-6.1879;106.662506;1700;23;Walking
-6.184697;106.64771;-6.194908;106.676794;3600;8;Car
-6.184697;106.64771;-6.194908;106.676794;3600;7;Motorcycle
-6.184697;106.64771;-6.194908;106.676794;3600;21;Bus
-6.184697;106.64771;-6.194908;106.676794;3600;36;Bus
-6.184697;106.64771;-6.194908;106.676794;3400;48;Walking
-6.184697;106.64771;-6.199685;106.689246;5200;11;Car
-6.184697;106.64771;-6.199685;106.689246;5200;10;Motorcycle
-6.184697;106.64771;-6.199685;106.689246;5200;54;Bus
-6.184697;106.64771;-6.199685;106.689246;5200;44;Bus
-6.184697;106.64771;-6.199685;106.689246;5100;71;Walking
-6.169543;106.680431;-6.128068;106.654396;13700;18;Car
-6.169543;106.680431;-6.128068;106.654396;8800;24;Motorcycle
-6.169543;106.680431;-6.128068;106.654396;12000;91;Train
-6.17185;106.665296;-6.128068;106.654396;13000;94;Train
-6.194907;106.70141;-6.183052;106.709474;2100;5;Car
-6.194907;106.70141;-6.183052;106.709474;2100;4;Motorcycle
-6.194907;106.70141;-6.183052;106.709474;2100;28;Walking
-6.20342;106.70308;-6.183052;106.709474;3300;6;Car
-6.20342;106.70308;-6.183052;106.709474;3300;5;Motorcycle
-6.20342;106.70308;-6.183052;106.709474;3100;42;Walking
-6.185948;106.615534;-6.170039;106.633426;2900;7;Car
-6.185948;106.615534;-6.170039;106.633426;2900;9;Car
-6.185948;106.615534;-6.170039;106.633426;2900;6;Motorcycle
-6.185948;106.615534;-6.170039;106.633426;2900;23;Bus
-6.185948;106.615534;-6.170039;106.633426;2900;41;Walking
-6.188211;106.604617;-6.170039;106.633426;4200;10;Car
-6.188211;106.604617;-6.170039;106.633426;4200;9;Motorcycle
-6.188211;106.604617;-6.170039;106.633426;4200;29;Bus
-6.188211;106.604617;-6.170039;106.633426;4200;59;Walking
-6.188211;106.604617;-6.170039;106.633426;4800;67;Walking
-6.188211;106.604617;-6.170039;106.633426;4900;69;Walking
-6.189307;106.593211;-6.170039;106.633426;5500;13;Car
-6.189307;106.593211;-6.170039;106.633426;5500;12;Motorcycle
-6.189307;106.593211;-6.170039;106.633426;5500;30;Bus
-6.189307;106.593211;-6.170039;106.633426;5500;76;Walking
-6.189307;106.593211;-6.170039;106.633426;6400;89;Walking
-6.189307;106.593211;-6.170039;106.633426;7300;102;Walking
-6.194735;106.585812;-6.170039;106.633426;6600;15;Car
-6.194735;106.585812;-6.170039;106.633426;6600;14;Motorcycle
-6.194735;106.585812;-6.170039;106.633426;6600;32;Bus
-6.194735;106.585812;-6.170039;106.633426;6500;91;Walking
-6.194735;106.585812;-6.170039;106.633426;7200;100;Walking
-6.200035;106.574551;-6.170039;106.633426;8000;19;Car
-6.200035;106.574551;-6.170039;106.633426;8000;16;Motorcycle
-6.200035;106.574551;-6.170039;106.633426;8000;33;Bus
-6.200035;106.574551;-6.170039;106.633426;7900;110;Walking
-6.200035;106.574551;-6.170039;106.633426;8600;120;Walking
-6.206509;106.56897;-6.170039;106.633426;9000;22;Car
-6.206509;106.56897;-6.170039;106.633426;9000;18;Motorcycle
-6.206509;106.56897;-6.170039;106.633426;9000;34;Bus
-6.206509;106.56897;-6.170039;106.633426;8900;124;Walking
-6.206509;106.56897;-6.170039;106.633426;9500;133;Walking
-6.128318;106.654726;-6.116693;106.680705;3200;4;Car
-6.128318;106.654726;-6.116693;106.680705;3200;4;Motorcycle
-6.128318;106.654726;-6.116693;106.680705;3500;48;Walking
-6.135674;106.634224;-6.116693;106.680705;6200;8;Car
-6.135674;106.634224;-6.116693;106.680705;13900;26;Motorcycle
-6.135674;106.634224;-6.116693;106.680705;13700;29;Motorcycle
-6.142022;106.633242;-6.127174;106.633982;1700;4;Car
-6.142022;106.633242;-6.127174;106.633982;1700;4;Motorcycle
-6.142022;106.633242;-6.127174;106.633982;1700;23;Walking
-6.154867;106.63282;-6.136501;106.63317;2000;4;Car
-6.154867;106.63282;-6.136501;106.63317;2000;4;Motorcycle
-6.154867;106.63282;-6.136501;106.63317;2000;18;Bus
-6.154867;106.63282;-6.136501;106.63317;2000;28;Walking
-6.154867;106.63282;-6.136501;106.63317;2200;30;Walking
-6.160368;106.632446;-6.136501;106.63317;2800;5;Car
-6.160368;106.632446;-6.136501;106.63317;2800;5;Motorcycle
-6.160368;106.632446;-6.136501;106.63317;2800;21;Bus
-6.160368;106.632446;-6.136501;106.63317;2800;38;Walking
-6.160368;106.632446;-6.136501;106.63317;3100;43;Walking
-6.160368;106.632446;-6.136501;106.63317;3600;50;Walking
-6.167048;106.639787;-6.136501;106.63317;4000;8;Car
-6.167048;106.639787;-6.136501;106.63317;4000;8;Motorcycle
-6.167048;106.639787;-6.136501;106.63317;4000;31;Bus
-6.167048;106.639787;-6.136501;106.63317;4000;55;Walking
-6.167048;106.639787;-6.136501;106.63317;4400;60;Walking
-6.167048;106.639787;-6.136501;106.63317;4900;68;Walking
-6.164922;106.65553;-6.136501;106.63317;6000;12;Car
-6.164922;106.65553;-6.136501;106.63317;6000;11;Motorcycle
-6.164922;106.65553;-6.136501;106.63317;6500;12;Motorcycle
-6.164922;106.65553;-6.136501;106.63317;5400;74;Walking
-6.164922;106.65553;-6.136501;106.63317;5600;77;Walking
-6.164922;106.65553;-6.136501;106.63317;5900;81;Walking
-6.184434;106.643161;-6.167921;106.644098;1900;4;Car
-6.184434;106.643161;-6.167921;106.644098;1900;4;Motorcycle
-6.184434;106.643161;-6.167921;106.644098;1900;15;Bus
-6.184434;106.643161;-6.167921;106.644098;1900;26;Walking
-6.193967;106.636462;-6.167921;106.644098;3300;6;Car
-6.193967;106.636462;-6.167921;106.644098;3300;6;Motorcycle
-6.193967;106.636462;-6.167921;106.644098;3300;18;Bus
-6.193967;106.636462;-6.167921;106.644098;3300;46;Walking
-6.1879;106.662506;-6.184697;106.64771;1700;4;Car
-6.1879;106.662506;-6.184697;106.64771;1700;3;Motorcycle
-6.1879;106.662506;-6.184697;106.64771;1700;14;Bus
-6.1879;106.662506;-6.184697;106.64771;1700;23;Bus
-6.1879;106.662506;-6.184697;106.64771;1700;23;Walking
-6.194908;106.676794;-6.184697;106.64771;3600;8;Car
-6.194908;106.676794;-6.184697;106.64771;3600;7;Motorcycle
-6.194908;106.676794;-6.184697;106.64771;3600;21;Bus
-6.194908;106.676794;-6.184697;106.64771;3600;36;Bus
-6.194908;106.676794;-6.184697;106.64771;3400;48;Walking
-6.199685;106.689246;-6.184697;106.64771;5200;11;Car
-6.199685;106.689246;-6.184697;106.64771;5200;10;Motorcycle
-6.199685;106.689246;-6.184697;106.64771;5200;54;Bus
-6.199685;106.689246;-6.184697;106.64771;5200;44;Bus
-6.199685;106.689246;-6.184697;106.64771;5100;71;Walking
-6.128068;106.654396;-6.169543;106.680431;13700;18;Car
-6.128068;106.654396;-6.169543;106.680431;8800;24;Motorcycle
-6.128068;106.654396;-6.169543;106.680431;12000;91;Train
-6.128068;106.654396;-6.17185;106.665296;13000;94;Train
-6.183052;106.709474;-6.194907;106.70141;2100;5;Car
-6.183052;106.709474;-6.194907;106.70141;2100;4;Motorcycle
-6.183052;106.709474;-6.194907;106.70141;2100;28;Walking
-6.183052;106.709474;-6.20342;106.70308;3300;6;Car
-6.183052;106.709474;-6.20342;106.70308;3300;5;Motorcycle
-6.183052;106.709474;-6.20342;106.70308;3100;42;Walking
-6.257364879;106.9685374;-6.2263246;107.0012303;2400;7;Car
-6.257364879;106.9685374;-6.2263246;107.0012304;1800;7;Car
-6.257364879;106.9685374;-6.2263246;107.0012305;1800;8;Car
-6.257364879;106.9685374;-6.211324067;106.9771321;7400;20;Car
-6.257364879;106.9685374;-6.211324067;106.9771321;10700;26;Car
-6.257364879;106.9685374;-6.211324067;106.9771321;12200;24;Car
-6.257364879;106.9685374;-6.211324067;106.9771321;7400;17;Motorcycle
-6.257364879;106.9685374;-6.211324067;106.9771321;7400;52;Bus
-6.257364879;106.9685374;-6.211324067;106.9771321;6100;84;Walking
-6.257364879;106.9685374;-6.232051974;106.9653893;3900;54;Walking
-6.257364879;106.9685374;-6.232051974;106.9653893;5400;17;Car
-6.257364879;106.9685374;-6.232051974;106.9653893;6500;19;Car
-6.257364879;106.9685374;-6.232051974;106.9653893;5400;14;Motorcycle
-6.257364879;106.9685374;-6.232051974;106.9653893;6000;16;Motorcycle
-6.257364879;106.9685374;-6.232051974;106.9653893;6500;19;Motorcycle
-6.257364879;106.9685374;-6.232051974;106.9653893;5400;41;Bus
-6.257364879;106.9685374;-6.272166686;106.9716104;2500;9;Car
-6.257364879;106.9685374;-6.272166686;106.9716104;2800;9;Car
-6.257364879;106.9685374;-6.272166686;106.9716104;2500;8;Motorcycle
-6.257364879;106.9685374;-6.272166686;106.9716104;2800;8;Motorcycle
-6.257364879;106.9685374;-6.272166686;106.9716104;2900;10;Motorcycle
-6.257364879;106.9685374;-6.272166686;106.9716104;2800;31;Bus
-6.257364879;106.9685374;-6.272166686;106.9716104;1900;27;Walking
-6.257364879;106.9685374;-6.272166686;106.9716104;2200;30;Walking
-6.257364879;106.9685374;-6.339508399;106.9698663;13300;37;Car
-6.257364879;106.9685374;-6.339508399;106.9698663;17400;39;Car
-6.257364879;106.9685374;-6.339508399;106.9698663;14900;50;Car
-6.257364879;106.9685374;-6.339508399;106.9698663;13300;32;Motorcycle
-6.257364879;106.9685374;-6.339508399;106.9698663;13100;34;Motorcycle
-6.257364879;106.9685374;-6.339508399;106.9698663;11700;33;Motorcycle
-6.257364879;106.9685374;-6.339508399;106.9698663;17400;144;Bus
-6.257364879;106.9685374;-6.339508399;106.9698663;14300;198;Walking
-6.257364879;106.9685374;-6.339508399;106.9698663;14500;201;Walking
-6.257364879;106.9685374;-6.339508399;106.9698663;15600;216;Walking
-6.257364879;106.9685374;-6.263543788;106.8860354;16600;230;Walking
-6.257364879;106.9685374;-6.263543788;106.8860354;16900;236;Walking
-6.257364879;106.9685374;-6.263543788;106.8860354;15100;20;Car
-6.257364879;106.9685374;-6.263543788;106.8860354;14300;20;Car
-6.257364879;106.9685374;-6.263543788;106.8860354;14100;22;Car
-6.257364879;106.9685374;-6.263543788;106.8860354;14500;29;Motorcycle
-6.257364879;106.9685374;-6.263543788;106.8860354;18400;44;Motorcycle
-6.257364879;106.9685374;-6.263543788;106.8860354;14500;104;Bus
-6.257364879;106.9685374;-6.263543788;106.8860354;12000;83;Bus
-6.257364879;106.9685374;-6.372303046;106.9708143;17700;49;Car
-6.257364879;106.9685374;-6.372303046;106.9708143;17600;50;Car
-6.257364879;106.9685374;-6.372303046;106.9708143;18200;56;Car
-6.257364879;106.9685374;-6.372303046;106.9708143;18200;41;Motorcycle
-6.257364879;106.9685374;-6.372303046;106.9708143;17700;40;Motorcycle
-6.257364879;106.9685374;-6.372303046;106.9708143;16600;44;Motorcycle
-6.257364879;106.9685374;-6.372303046;106.9708143;17600;135;Bus
-6.257364879;106.9685374;-6.372303046;106.9708143;20000;201;Bus
-6.257364879;106.9685374;-6.372303046;106.9708143;15900;223;Walking
-6.257364879;106.9685374;-6.372303046;106.9708143;15800;222;Walking
-6.257364879;106.9685374;-6.372303046;106.9708143;16200;227;Walking
-6.257364879;106.9685374;-6.267997494;106.9809715;2500;12;Car
-6.257364879;106.9685374;-6.267997494;106.9809715;2800;12;Car
-6.257364879;106.9685374;-6.267997494;106.9809715;3400;15;Car
-6.257364879;106.9685374;-6.267997494;106.9809715;2500;10;Motorcycle
-6.257364879;106.9685374;-6.267997494;106.9809715;2800;10;Motorcycle
-6.257364879;106.9685374;-6.267997494;106.9809715;3900;12;Motorcycle
-6.257364879;106.9685374;-6.267997494;106.9809715;2800;36;Bus
-6.257364879;106.9685374;-6.267997494;106.9809715;2500;35;Walking
-6.257364879;106.9685374;-6.267997494;106.9809715;2600;36;Walking
-6.257364879;106.9685374;-6.267997494;106.9809715;2600;36;Walking
-6.257364879;106.9685374;-6.26059281;106.9683899;1000;4;Car
-6.257364879;106.9685374;-6.26059281;106.9683899;1000;5;Car
-6.257364879;106.9685374;-6.26059281;106.9683899;1000;3;Motorcycle
-6.257364879;106.9685374;-6.26059281;106.9683899;1000;4;Motorcycle
-6.257364879;106.9685374;-6.26059281;106.9683899;800;11;Walking
-6.257364879;106.9685374;-6.259124071;106.9683939;350;2;Car
-6.257364879;106.9685374;-6.259124071;106.9683939;350;2;Motorcycle
-6.257364879;106.9685374;-6.259124071;106.9683939;220;3;Walking
-6.257364879;106.9685374;-6.259124071;106.9683939;240;4;Walking
-6.257364879;106.9685374;-6.257717199;106.9673629;450;2;Car
-6.257364879;106.9685374;-6.257717199;106.9673629;450;2;Motorcycle
-6.257364879;106.9685374;-6.257717199;106.9673629;200;3;Walking
-6.257364879;106.9685374;-6.257717199;106.9673629;240;4;Walking
-6.257364879;106.9685374;-6.256532666;106.967637;190;1;Car
-6.257364879;106.9685374;-6.256532666;106.967637;190;1;Motorcycle
-6.257364879;106.9685374;-6.256532666;106.967637;190;3;Walking
-6.257364879;106.9685374;-6.255703324;106.9697223;650;3;Car
-6.257364879;106.9685374;-6.255703324;106.9697223;650;2;Motorcycle
-6.257364879;106.9685374;-6.255703324;106.9697223;350;5;Walking
-6.257364879;106.9685374;-6.255703324;106.9697223;450;6;Walking
-6.257364879;106.9685374;-6.248272846;106.9570531;3100;9;Car
-6.257364879;106.9685374;-6.248272846;106.9570531;3100;8;Motorcycle
-6.257364879;106.9685374;-6.248272846;106.9570531;3100;33;Bus
-6.257364879;106.9685374;-6.248272846;106.9570531;4000;37;Bus
-6.257364879;106.9685374;-6.248272846;106.9570531;2200;30;Walking
-6.257364879;106.9685374;-6.166405597;106.8258034;23200;37;Car
-6.257364879;106.9685374;-6.166405597;106.8258034;22600;39;Car
-6.257364879;106.9685374;-6.166405597;106.8258034;25600;48;Car
-6.257364879;106.9685374;-6.166405597;106.8258034;24600;46;Motorcycle
-6.257364879;106.9685374;-6.166405597;106.8258034;23600;47;Motorcycle
-6.257364879;106.9685374;-6.166405597;106.8258034;23600;48;Motorcycle
-6.257364879;106.9685374;-6.166405597;106.8258034;23600;98;Bus
-6.257364879;106.9685374;-6.166405597;106.8258034;23600;94;Bus
-6.257364879;106.9685374;-6.166405597;106.8258034;23600;115;Bus
-6.257364879;106.9685374;-6.166405597;106.8258034;21200;296;Walking
-6.257364879;106.9685374;-6.166405597;106.8258034;21500;299;Walking
-6.257364879;106.9685374;-6.166405597;106.8258034;22300;311;Walking
-6.257364879;106.9685374;-6.114689131;106.8352062;31700;41;Car
-6.257364879;106.9685374;-6.114689131;106.8352062;31600;54;Car
-6.257364879;106.9685374;-6.114689131;106.8352062;28200;58;Motorcycle
-6.257364879;106.9685374;-6.114689131;106.8352062;30800;62;Motorcycle
-6.257364879;106.9685374;-6.114689131;106.8352062;30800;138;Bus
-6.257364879;106.9685374;-6.114689131;106.8352062;32000;189;Bus
-6.360666;106.831636;-6.356848;106.859522;4900;39;Bus
-6.360666;106.831636;-6.356848;106.859522;3900;56;Walking
-6.360666;106.831636;-6.3922;106.879621;12800;34;Car
-6.360666;106.831636;-6.3922;106.879621;13500;36;Car
-6.360666;106.831636;-6.3922;106.879621;12500;45;Car
-6.360666;106.831636;-6.3922;106.879621;12300;33;Motorcycle
-6.360666;106.831636;-6.3922;106.879621;11700;35;Motorcycle
-6.360666;106.831636;-6.3922;106.879621;12900;37;Motorcycle
-6.360666;106.831636;-6.3922;106.879621;8300;116;Walking
-6.360666;106.831636;-6.3922;106.879621;8800;126;Walking
-6.360666;106.831636;-6.3922;106.879621;10500;148;Walking
-6.360666;106.831636;-6.3922;106.879621;13500;75;Bus
-6.360666;106.831636;-6.388022;106.838144;9600;31;Car
-6.360666;106.831636;-6.388022;106.838144;9600;32;Car
-6.360666;106.831636;-6.388022;106.838144;12400;44;Car
-6.360666;106.831636;-6.388022;106.838144;9700;25;Motorcycle
-6.360666;106.831636;-6.388022;106.838144;9600;25;Motorcycle
-6.360666;106.831636;-6.388022;106.838144;9700;26;Motorcycle
-6.360666;106.831636;-6.388022;106.838144;4300;60;Walking
-6.360666;106.831636;-6.388022;106.838144;4800;68;Walking
-6.360666;106.831636;-6.388022;106.838144;4300;56;Bus
-6.360666;106.831636;-6.418502;106.843489;12600;45;Car
-6.360666;106.831636;-6.418502;106.843489;13300;46;Car
-6.360666;106.831636;-6.418502;106.843489;13200;46;Car
-6.360666;106.831636;-6.418502;106.843489;12600;33;Motorcycle
-6.360666;106.831636;-6.418502;106.843489;12000;34;Motorcycle
-6.360666;106.831636;-6.418502;106.843489;13200;34;Motorcycle
-6.360666;106.831636;-6.418502;106.843489;12600;75;Bus
-6.360666;106.831636;-6.418502;106.843489;12700;82;Bus
-6.360666;106.831636;-6.418502;106.843489;11000;62;Bus
-6.360666;106.831636;-6.418502;106.843489;12600;81;Bus
-6.360666;106.831636;-6.418502;106.843489;12000;65;Bus
-6.360666;106.831636;-6.418502;106.843489;13200;98;Bus
-6.360666;106.831636;-6.418502;106.843489;7700;109;Walking
-6.360666;106.831636;-6.418502;106.843489;8100;113;Walking
-6.360666;106.831636;-6.418502;106.843489;8700;122;Walking
-6.360666;106.831636;-6.379777;106.844588;8200;25;Car
-6.360666;106.831636;-6.379777;106.844588;8900;26;Car
-6.360666;106.831636;-6.379777;106.844588;8100;28;Car
-6.360666;106.831636;-6.379777;106.844588;8200;20;Motorcycle
-6.360666;106.831636;-6.379777;106.844588;8100;23;Motorcycle
-6.360666;106.831636;-6.379777;106.844588;3400;47;Bus
-6.360666;106.831636;-6.379777;106.844588;3400;48;Walking
-6.181223;106.969572;-6.157307;106.689711;46100;112;Car
-6.181223;106.969572;-6.157307;106.689711;55100;126;Car
-6.181223;106.969572;-6.157307;106.689711;46900;127;Car
-6.181223;106.969572;-6.157307;106.689711;38100;118;Car
-6.181223;106.969572;-6.157307;106.689711;36700;118;Car
-6.181223;106.969572;-6.157307;106.689711;38100;89;Motorcycle
-6.181223;106.969572;-6.157307;106.689711;36800;100;Motorcycle
-6.181223;106.969572;-6.157307;106.689711;41900;104;Motorcycle
-6.181223;106.969572;-6.157307;106.689711;36800;195;Bus
-6.181223;106.969572;-6.157307;106.689711;38100;201;Bus
-6.181223;106.969572;-6.157307;106.689711;35700;496;Walking
-6.181223;106.969572;-6.157307;106.689711;36100;503;Walking
-6.181223;106.969572;-6.157307;106.689711;36600;510;Walking
-6.181223;106.969572;-6.180962;106.96719;350;1;Car
-6.181223;106.969572;-6.180962;106.96719;350;1;Motorcycle
-6.181223;106.969572;-6.180962;106.96719;350;4;Walking
-6.181223;106.969572;-6.137414;106.710878;34400;478;Walking
-6.181223;106.969572;-6.137414;106.710878;34900;485;Walking
-6.181223;106.969572;-6.137414;106.710878;35300;493;Walking
-6.181223;106.969572;-6.137414;106.710878;34400;205;Bus
-6.181223;106.969572;-6.137414;106.710878;34900;212;Bus
-6.181223;106.969572;-6.137414;106.710878;35300;210;Bus
-6.181223;106.969572;-6.137414;106.710878;35100;93;Motorcycle
-6.181223;106.969572;-6.137414;106.710878;36400;93;Motorcycle
-6.181223;106.969572;-6.137414;106.710878;40200;106;Motorcycle
-6.181223;106.969572;-6.137414;106.710878;36600;115;Car
-6.181223;106.969572;-6.137414;106.710878;35100;118;Car
-6.181223;106.969572;-6.137414;106.710878;42800;106;Car
-6.181223;106.969572;-6.137414;106.710878;44100;122;Car
-6.181223;106.969572;-6.137414;106.710878;41500;130;Car
-6.181223;106.969572;-6.107847;106.778725;32200;83;Car
-6.181223;106.969572;-6.107847;106.778725;34100;101;Car
-6.181223;106.969572;-6.107847;106.778725;31500;109;Car
-6.181223;106.969572;-6.107847;106.778725;32200;95;Car
-6.181223;106.969572;-6.107847;106.778725;33000;96;Car
-6.181223;106.969572;-6.107847;106.778725;30800;97;Car
-6.181223;106.969572;-6.107847;106.778725;32200;73;Motorcycle
-6.181223;106.969572;-6.107847;106.778725;30900;76;Motorcycle
-6.181223;106.969572;-6.107847;106.778725;31700;76;Motorcycle
-6.181223;106.969572;-6.107847;106.778725;32200;72;Motorcycle
-6.181223;106.969572;-6.107847;106.778725;32200;75;Motorcycle
-6.181223;106.969572;-6.107847;106.778725;30900;76;Motorcycle
-6.181223;106.969572;-6.107847;106.778725;30000;180;Bus
-6.181223;106.969572;-6.107847;106.778725;30900;184;Bus
-6.181223;106.969572;-6.107847;106.778725;30900;185;Bus
-6.181223;106.969572;-6.107847;106.778725;30900;187;Bus
-6.181223;106.969572;-6.107847;106.778725;30900;191;Bus
-6.181223;106.969572;-6.107847;106.778725;30900;192;Bus
-6.181223;106.969572;-6.107847;106.778725;29900;413;Walking
-6.181223;106.969572;-6.107847;106.778725;29800;415;Walking
-6.181223;106.969572;-6.107847;106.778725;20700;425;Walking
-6.236848;106.645848;-6.315016;106.702089;11800;34;Car
-6.236848;106.645848;-6.315016;106.702089;11800;25;Motorcycle
-6.236848;106.645848;-6.315016;106.702089;11800;102;Bus
-6.236848;106.645848;-6.315016;106.702089;11800;162;Walking
-6.236848;106.645848;-6.342073;106.724958;17800;49;Car
-6.236848;106.645848;-6.342073;106.724958;17400;52;Car
-6.236848;106.645848;-6.342073;106.724958;22200;56;Car
-6.236848;106.645848;-6.342073;106.724958;17800;36;Motorcycle
-6.236848;106.645848;-6.342073;106.724958;17400;36;Motorcycle
-6.236848;106.645848;-6.342073;106.724958;17100;38;Motorcycle
-6.236848;106.645848;-6.342073;106.724958;22200;109;Bus
-6.236848;106.645848;-6.342073;106.724958;16900;234;Walking
-6.236848;106.645848;-6.340719;106.738422;23100;45;Car
-6.236848;106.645848;-6.340719;106.738422;23100;44;Car
-6.236848;106.645848;-6.340719;106.738422;22400;48;Car
-6.236848;106.645848;-6.340719;106.738422;19100;39;Motorcycle
-6.236848;106.645848;-6.340719;106.738422;19600;39;Motorcycle
-6.236848;106.645848;-6.340719;106.738422;19600;40;Motorcycle
-6.236848;106.645848;-6.340719;106.738422;25000;116;Bus
-6.236848;106.645848;-6.340719;106.738422;17800;247;Walking
-6.236848;106.645848;-6.340719;106.738422;18800;261;Walking
-6.181223;106.969572;-6.127019;106.795401;25700;257;Walking
-6.181223;106.969572;-6.127019;106.795401;25700;259;Walking
-6.181223;106.969572;-6.127019;106.795401;26500;368;Walking
-6.181223;106.969572;-6.127019;106.795401;25700;147;Bus
-6.181223;106.969572;-6.127019;106.795401;25700;154;Bus
-6.181223;106.969572;-6.127019;106.795401;25700;152;Bus
-6.181223;106.969572;-6.127019;106.795401;27300;61;Motorcycle
-6.181223;106.969572;-6.127019;106.795401;26000;62;Motorcycle
-6.181223;106.969572;-6.127019;106.795401;27300;64;Motorcycle
-6.181223;106.969572;-6.127019;106.795401;27300;65;Car
-6.181223;106.969572;-6.127019;106.795401;29200;84;Car
-6.181223;106.969572;-6.127019;106.795401;27300;77;Car
-6.181223;106.969572;-6.127019;106.795401;27500;77;Car
-6.181223;106.969572;-6.127019;106.795401;25900;81;Car
-6.293926;106.765219;-6.358353;106.733503;9100;33;Car
-6.293926;106.765219;-6.358353;106.733503;10200;34;Car
-6.293926;106.765219;-6.358353;106.733503;12400;43;Car
-6.293926;106.765219;-6.358353;106.733503;9100;25;Motorcycle
-6.293926;106.765219;-6.358353;106.733503;11200;31;Motorcycle
-6.293926;106.765219;-6.358353;106.733503;15000;76;Bus
-6.293926;106.765219;-6.358353;106.733503;8900;126;Walking
-6.293926;106.765219;-6.358353;106.733503;10500;147;Walking
-6.293926;106.765219;-6.358353;106.733503;10800;152;Walking
-6.293926;106.765219;-6.305718;106.64495;24800;37;Car
-6.293926;106.765219;-6.305718;106.64495;22900;41;Car
-6.293926;106.765219;-6.305718;106.64495;20500;44;Motorcycle
-6.293926;106.765219;-6.305718;106.64495;24800;117;Bus
-6.293926;106.765219;-6.305718;106.64495;17200;240;Walking
-6.293926;106.765219;-6.305718;106.64495;17800;242;Walking
-6.181223;106.969572;-6.13773;106.870694;15900;46;Car
-6.181223;106.969572;-6.13773;106.870694;16900;50;Car
-6.181223;106.969572;-6.13773;106.870694;19000;52;Car
-6.181223;106.969572;-6.13773;106.870694;15400;38;Car
-6.181223;106.969572;-6.13773;106.870694;18000;37;Car
-6.181223;106.969572;-6.13773;106.870694;15900;47;Car
-6.181223;106.969572;-6.13773;106.870694;15900;38;Motorcycle
-6.181223;106.969572;-6.13773;106.870694;17000;38;Motorcycle
-6.181223;106.969572;-6.13773;106.870694;16100;40;Motorcycle
-6.181223;106.969572;-6.13773;106.870694;15900;111;Bus
-6.181223;106.969572;-6.13773;106.870694;16000;119;Bus
-6.181223;106.969572;-6.13773;106.870694;16000;118;Bus
-6.181223;106.969572;-6.13773;106.870694;15400;215;Walking
-6.181223;106.969572;-6.13773;106.870694;17500;364;Walking
-6.24659;106.87343;-6.243318;106.863804;1200;13;Bus
-6.24659;106.87343;-6.243318;106.863804;1200;12;Bus
-6.24659;106.87343;-6.243318;106.863804;1200;16;Walking
-6.24659;106.87343;-6.243318;106.863804;1100;11;Bus
-6.24659;106.87343;-6.243518;106.856966;1900;27;Walking
-6.24659;106.87343;-6.243518;106.856966;1900;19;Bus
-6.24659;106.87343;-6.243518;106.856966;1600;14;Bus
-6.24659;106.87343;-6.243518;106.856966;1550;15;Bus
-6.24659;106.87343;-6.243518;106.856966;2000;19;Bus
-6.24659;106.87343;-6.243452;106.868771;1100;16;Walking
-6.24659;106.87343;-6.243452;106.868771;1200;18;Walking
-6.24659;106.87343;-6.243452;106.868771;1000;9;Bus
-6.24659;106.87343;-6.245219;106.868175;650;9;Walking
-6.24659;106.87343;-6.245219;106.868175;700;13;Bus
-6.24659;106.87343;-6.245855;106.871406;256;5;Walking
-6.24659;106.87343;-6.245855;106.871406;450;6;Walking
-6.24659;106.87343;-6.245263;106.868145;450;8;Bus
-6.24659;106.87343;-6.246559;106.873228;130;2;Walking
-6.24659;106.87343;-6.246559;106.873228;130;1;Bus
-6.24659;106.87343;-6.246559;106.873228;1100;3;Motorcycle
-6.24659;106.87343;-6.246559;106.873228;1100;3;Car
-6.24659;106.87343;-6.243014;106.869043;800;3;Car
-6.24659;106.87343;-6.243014;106.869043;800;2;Motorcycle
-6.24659;106.87343;-6.243014;106.869043;650;9;Walking
-6.24659;106.87343;-6.243014;106.869043;650;10;Bus
-6.24659;106.87343;-6.239494;106.869217;1000;14;Walking
-6.24659;106.87343;-6.239494;106.869217;1000;16;Bus
-6.24659;106.87343;-6.239494;106.869217;1600;4;Motorcycle
-6.24659;106.87343;-6.239494;106.869217;1600;5;Car
-6.24659;106.87343;-6.245498;106.87559;1500;4;Car
-6.24659;106.87343;-6.245498;106.87559;1500;3;Motorcycle
-6.24659;106.87343;-6.245498;106.87559;800;16;Bus
-6.24659;106.87343;-6.245498;106.87559;1000;18;Bus
-6.24659;106.87343;-6.245498;106.87559;1600;31;Bus
-6.24659;106.87343;-6.245498;106.87559;1200;23;Bus
-6.24659;106.87343;-6.243071;106.876609;1800;26;Walking
-6.24659;106.87343;-6.243071;106.876609;1800;17;Bus
-6.24659;106.87343;-6.243071;106.876609;2000;22;Bus
-6.24659;106.87343;-6.243071;106.876609;1700;4;Motorcycle
-6.24659;106.87343;-6.243071;106.876609;1700;5;Car
-6.24659;106.87343;-6.250044;106.873794;3100;9;Car
-6.24659;106.87343;-6.250044;106.873794;3200;9;Car
-6.24659;106.87343;-6.250044;106.873794;2500;10;Car
-6.24659;106.87343;-6.250044;106.873794;2500;8;Motorcycle
-6.24659;106.87343;-6.250044;106.873794;3100;7;Motorcycle
-6.24659;106.87343;-6.250044;106.873794;800;12;Walking
-6.24659;106.87343;-6.250044;106.873794;900;11;Bus
-6.24659;106.87343;-6.249582;106.873737;3700;11;Car
-6.24659;106.87343;-6.249582;106.873737;4200;11;Car
-6.24659;106.87343;-6.249582;106.873737;3600;12;Car
-6.24659;106.87343;-6.249582;106.873737;1700;6;Motorcycle
-6.24659;106.87343;-6.249582;106.873737;800;8;Walking
-6.24659;106.87343;-6.249582;106.873737;900;10;Bus
-6.24659;106.87343;-6.25033;106.873491;700;10;Walking
-6.24659;106.87343;-6.25033;106.873491;800;9;Bus
-6.24659;106.87343;-6.25033;106.873491;850;11;Bus
-6.24659;106.87343;-6.25033;106.873491;2600;7;Motorcycle
-6.24659;106.87343;-6.25033;106.873491;2000;8;Motorcycle
-6.24659;106.87343;-6.25033;106.873491;3200;7;Motorcycle
-6.24659;106.87343;-6.25033;106.873491;3200;9;Car
-6.24659;106.87343;-6.25033;106.873491;2600;10;Car
-6.24659;106.87343;-6.25033;106.873491;3300;9;Car
-6.24659;106.87343;-6.243123;106.863415;1000;2;Car
-6.24659;106.87343;-6.243123;106.863415;1000;1;Motorcycle
-6.24659;106.87343;-6.243123;106.863415;1000;13;Bus
-6.24659;106.87343;-6.243123;106.863415;1000;13;Walking
-6.24659;106.87343;-6.243329;106.852178;2300;3;Motorcycle
-6.24659;106.87343;-6.243329;106.852178;2300;3;Car
-6.24659;106.87343;-6.243329;106.852178;2300;19;Bus
-6.24659;106.87343;-6.243329;106.852178;2300;32;Walking
-6.24659;106.87343;-6.243553;106.843561;3200;45;Walking
-6.24659;106.87343;-6.243553;106.843561;3200;23;Bus
-6.24659;106.87343;-6.243553;106.843561;3200;29;Bus
-6.24659;106.87343;-6.243553;106.843561;3400;7;Motorcycle
-6.24659;106.87343;-6.243553;106.843561;3400;10;Car
-6.24659;106.87343;-6.241967;106.838264;3800;53;Walking
-6.24659;106.87343;-6.241967;106.838264;3800;20;Bus
-6.24659;106.87343;-6.241967;106.838264;3800;21;Bus
-6.24659;106.87343;-6.241967;106.838264;3900;32;Bus
-6.24659;106.87343;-6.241967;106.838264;4100;51;Bus
-6.24659;106.87343;-6.241967;106.838264;3800;8;Motorcycle
-6.24659;106.87343;-6.241967;106.838264;3800;7;Motorcycle
-6.24659;106.87343;-6.241967;106.838264;3800;10;Car
-6.24659;106.87343;-6.241967;106.838264;3800;11;Car
-6.24659;106.87343;-6.241967;106.838264;3800;10;Car
-6.180604632;106.8228257;-6.199158405;106.823506;2300;10;Car
-6.180604632;106.8228257;-6.199158405;106.823506;2300;7;Motorcycle
-6.180604632;106.8228257;-6.199158405;106.823506;2300;18;Bus
-6.180604632;106.8228257;-6.199158405;106.823506;2300;14;Bus
-6.193637675;106.8220448;-6.204989665;106.8224213;2900;10;Motorcycle
-6.193637675;106.8220448;-6.177954824;106.8106232;2600;9;Motorcycle
-6.193637675;106.8220448;-6.188125405;106.8256082;2900;10;Motorcycle
-6.193637675;106.8220448;-6.188125405;106.8256082;3000;10;Motorcycle
-6.193637675;106.8220448;-6.164283447;106.8206715;4600;12;Motorcycle
-6.193637675;106.8220448;-6.167064158;106.8236252;3600;9;Motorcycle
-6.193637675;106.8220448;-6.167064158;106.8236252;4000;12;Motorcycle
-6.193637675;106.8220448;-6.165912148;106.8235394;3700;12;Motorcycle
-6.193637675;106.8220448;-6.182637379;106.8337532;3500;11;Motorcycle
-6.193637675;106.8220448;-6.182637379;106.8337532;3600;12;Motorcycle
-6.193637675;106.8220448;-6.182637379;106.8337532;4600;15;Motorcycle
-6.193637675;106.8220448;-6.184130678;106.8316074;3400;11;Motorcycle
-6.193637675;106.8220448;-6.184130678;106.8316074;3100;14;Car
-6.193637675;106.8220448;-6.184130678;106.8316074;4400;19;Car
-6.193637675;106.8220448;-6.184130678;106.8316074;4200;20;Car
-6,227750;106.801247;-6.225524;106.803921;700;10;Walking
-6,227750;106.801247;-6.225524;106.803921;800;15;Bus
-6,227750;106.801247;-6.225524;106.803921;700;11;Bus
-6,227750;106.801247;-6.225524;106.803921;500;5;Bus
-6,227750;106.801247;-6.225524;106.803921;600;5;Bus
-6,227750;106.801247;-6.225524;106.803921;800;3;Motorcycle
-6,227750;106.801247;-6.225524;106.803921;800;3;Car
-6,227750;106.801247;-6.224092;106.805779;1100;4;Car
-6,227750;106.801247;-6.224092;106.805779;1100;3;Motorcycle
-6,227750;106.801247;-6.224092;106.805779;1100;4;Bus
-6,227750;106.801247;-6.224092;106.805779;1000;14;Walking
-6,227750;106.801247;-6.222169;106.808767;1500;4;Car
-6,227750;106.801247;-6.222169;106.808767;1500;3;Motorcycle
-6,227750;106.801247;-6.222169;106.808767;1400;19;Walking
-6,227750;106.801247;-6.222169;106.808767;1200;12;Bus
-6,227750;106.801247;-6.222169;106.808767;1500;19;Bus
-6,227750;106.801247;-6.222169;106.808767;1000;10;Bus
-6,227750;106.801247;-6.222169;106.808767;1200;12;Bus
-6,227750;106.801247;-6.220996;106.810286;2300;37;Walking
-6,227750;106.801247;-6.220996;106.810286;2300;8;Bus
-6,227750;106.801247;-6.220996;106.810286;1700;4;Motorcycle
-6,227750;106.801247;-6.220996;106.810286;1700;5;Car
-6.180247;106.702191;-6.185203;106.701579;600;13;Bus
-6.180247;106.702191;-6.187286;106.698626;1000;16;Bus
-6.180247;106.702191;-6.190165;106.697266;1400;18;Bus
-6.180247;106.702191;-6.194159;106.695624;1900;20;Bus
-6.180247;106.702191;-6.19626;106.695107;2200;21;Bus
-6.180247;106.702191;-6.200032;106.697431;2740;24;Bus
-6.180247;106.702191;-6.202405;106.698702;3100;26;Bus
-6.180247;106.702191;-6.203953;106.699823;3300;27;Bus
-6.200027;106.697411;-6.194908;106.701259;800;18;Bus
-6.200027;106.697411;-6.190734;106.705873;1600;20;Bus
-6.200027;106.697411;-6.188793;106.707877;1900;21;Bus
-6.200027;106.697411;-6.187692;106.709539;2100;22;Bus
-6.200027;106.697411;-6.188489;106.713576;2500;23;Bus
-6.200027;106.697411;-6.187306;106.715044;2800;24;Bus
-6.200027;106.697411;-6.18662;106.717113;3000;25;Bus
-6.200027;106.697411;-6.183965;106.718413;3300;26;Bus
-6.17709;106.637951;-6.171298;106.635911;800;13;Bus
-6.17709;106.637951;-6.171793;106.635167;900;14;Bus
-6.17709;106.637951;-6.173908;106.633403;1300;15;Bus
-6.169485;106.633312;-6.173919;106.63021;600;12;Bus
-6.169549;106.633825;-6.174855;106.630109;800;17;Bus
-6.176079;106.626447;-6.173671;106.625375;300;11;Bus
-6.176079;106.626447;-6.170097;106.625174;700;12;Bus
-6.176079;106.626447;-6.170353;106.621936;1100;13;Bus
-6.176079;106.626447;-6.170556;106.617977;1500;15;Bus
-6.176079;106.626447;-6.170698;106.613842;2000;17;Bus
-6.176079;106.626447;-6.171234;106.609714;2500;19;Bus
-6.176079;106.626447;-6.171482;106.605007;3000;21;Bus
-6.176079;106.626447;-6.169716;106.600894;3500;23;Bus
-6.176079;106.626447;-6.168167;106.600124;3800;24;Bus
-6.176079;106.626447;-6.1657;106.599412;4200;25;Bus
-6.176079;106.626447;-6.161154;106.599057;4800;26;Bus
-6.176079;106.626447;-6.161154;106.599057;5400;27;Bus
-6.176079;106.626447;-6.152795;106.597878;5900;28;Bus
-6.176079;106.626447;-6.152072;106.594473;6500;31;Bus
-6.176079;106.626447;-6.152588;106.589271;7000;32;Bus
-6.176079;106.626447;-6.153594;106.585102;7500;36;Bus
-6.176079;106.626447;-6.153444;106.581032;8000;39;Bus
-6.176079;106.626447;-6.154317;106.575872;8300;35;Bus
-6.231834;106.614131;-6.23822;106.610851;850;13;Bus
-6.231834;106.614131;-6.245488;106.611014;1700;15;Bus
-6.231834;106.614131;-6.251523;106.608933;2400;17;Bus
-6.231834;106.614131;-6.255948;106.607278;2900;20;Bus
-6.231834;106.614131;-6.261474;106.605348;3500;23;Bus
-6.231834;106.614131;-6.270014;106.600404;4600;27;Bus
-6.231834;106.614131;-6.279404;106.59583;5800;31;Bus
-6.231834;106.614131;-6.287745;106.593779;6800;33;Bus
-6.231834;106.614131;-6.295191;106.592694;7600;35;Bus
-6.231834;106.614131;-6.298139;106.588534;8300;37;Bus
-6.29542;106.583087;-6.298059;106.588373;700;10;Bus
-6.29542;106.583087;-6.302169;106.585889;1200;18;Bus
-6.29542;106.583087;-6.306231;106.586207;1700;19;Bus
-6.29542;106.583087;-6.312141;106.585042;2400;20;Bus
-6.29542;106.583087;-6.319576;106.581148;3400;22;Bus
-6.29542;106.583087;-6.323681;106.579588;4000;23;Bus
-6.29542;106.583087;-6.328283;106.577301;4500;24;Bus
-6.29542;106.583087;-6.335298;106.574656;5400;26;Bus
-6.29542;106.583087;-6.339264;106.574821;5800;27;Bus
-6.280727;106.663022;-6.286686;106.66566;750;11;Bus
-6.280727;106.663022;-6.291164;106.666004;1300;12;Bus
-6.280727;106.663022;-6.293713;106.66644;1600;13;Bus
-6.280727;106.663022;-6.295298;106.666614;1800;14;Bus
-6.280727;106.663022;-6.298671;106.667692;2100;15;Bus
-6.280727;106.663022;-6.306691;106.671807;3400;22;Bus
-6.280727;106.663022;-6.307182;106.673694;3700;23;Bus
-6.280727;106.663022;-6.305362;106.679841;4300;25;Bus
-6.280727;106.663022;-6.306418;106.685271;5100;28;Bus
-6.302964;106.684578;-6.295749;106.68063;900;12;Bus
-6.302964;106.684578;-6.291605;106.678537;1400;14;Bus
-6.302964;106.684578;-6.289535;106.677347;1700;15;Bus
-6.302964;106.684578;-6.286625;106.675249;2100;16;Bus
-6.302964;106.684578;-6.284007;106.66736;3100;18;Bus
-6.294329;106.708694;-6.291789;106.705439;450;7;Bus
-6.294329;106.708694;-6.285441;106.702376;1300;10;Bus
-6.294329;106.708694;-6.281542;106.702751;1700;12;Bus
-6.294329;106.708694;-6.278396;106.70436;2100;13;Bus
-6.260421;106.749488;-6.261996;106.738001;1400;25;Bus
-6.260421;106.749488;-6.262934;106.735205;1700;27;Bus
-6.260421;106.749488;-6.262599;106.73315;1900;28;Bus
-6.260421;106.749488;-6.262466;106.729911;2300;30;Bus
-6.260421;106.749488;-6.263135;106.727451;2600;31;Bus
-6.260421;106.749488;-6.262741;106.723896;3000;33;Bus
-6.260421;106.749488;-6.262174;106.720896;3300;35;Bus
-6.260653;106.747693;-6.264513;106.744546;600;8;Bus
-6.260653;106.747693;-6.267071;106.743633;900;33;Bus
-6.281992;106.761521;-6.289776;106.759259;900;32;Bus
-6.281992;106.761521;-6.292672;106.758514;1200;33;Bus
-6.281992;106.761521;-6.296615;106.759197;1800;35;Bus
-6.281992;106.761521;-6.300463;106.762114;2400;36;Bus
-6.281992;106.761521;-6.299133;106.763335;2600;37;Bus
-6.281992;106.761521;-6.297365;106.764889;2800;38;Bus
-6.281992;106.761521;-6.293877;106.765051;3300;40;Bus
-6.281992;106.761521;-6.288928;106.770608;4200;41;Bus
-6.281992;106.761521;-6.285823;106.771278;4400;42;Bus
-6.293633;106.765324;-6.299261;106.763448;700;13;Bus
-6.293633;106.765324;-6.300518;106.76235;900;14;Bus
-6.293633;106.765324;-6.301637;106.761396;1100;15;Bus
-6.293633;106.765324;-6.3031;106.760067;1300;16;Bus
-6.293633;106.765324;-6.305834;106.7575;1700;18;Bus
-6.293633;106.765324;-6.30755;106.756272;1900;20;Bus
-6.293633;106.765324;-6.308932;106.756036;2100;21;Bus
-6.293633;106.765324;-6.310484;106.755123;2300;23;Bus
-6.293633;106.765324;-6.312355;106.752499;2700;24;Bus
-6.293633;106.765324;-6.312444;106.747354;3300;26;Bus
-6.293633;106.765324;-6.314024;106.747049;3500;27;Bus
-6.293633;106.765324;-6.318881;106.74641;4000;31;Bus
-6.293633;106.765324;-6.318881;106.74641;4000;10;Motorcycle
-6.293633;106.765324;-6.330044;106.740409;5800;14;Motorcycle
-6.293633;106.765324;-6.337935;106.739401;6800;16;Motorcycle
-6.293633;106.765324;-6.344422;106.735137;7700;19;Motorcycle
-6.293633;106.765324;-6.344421;106.720715;9400;22;Motorcycle
-6.293633;106.765324;-6.344421;106.720715;11400;28;Motorcycle
-6.293633;106.765324;-6.344421;106.720715;9200;128;Walking
-6.293633;106.765324;-6.344421;106.720715;9400;132;Walking
-6.293633;106.765324;-6.344421;106.720715;10400;148;Walking
-6.293633;106.765324;-6.344382;106.718555;9600;23;Motorcycle
-6.293633;106.765324;-6.344382;106.718555;11700;28;Motorcycle
-6.293633;106.765324;-6.345678;106.716125;9900;23;Motorcycle
-6.137934;106.814424;-6.141036;106.822763;1250;4;Train
-6.137934;106.814424;-6.149311;106.82676;2400;6;Train
-6.137934;106.814424;-6.161025;106.827608;3600;7;Train
-6.137934;106.814424;-6.166897;106.830178;4300;8;Train
-6.137934;106.814424;-6.185765;106.832625;6400;14;Train
-6.137934;106.814424;-6.198665;106.841057;8300;15;Train
-6.137934;106.814424;-6.210099;106.849936;9900;23;Train
-6.137934;106.814424;-6.226152;106.858204;12000;25;Train
-6.137934;106.814424;-6.24247;106.859003;13700;27;Train
-6.137934;106.814424;-6.255107;106.855008;15200;29;Train
-6.137934;106.814424;-6.262884;106.851846;16000;30;Train
-6.137934;106.814424;-6.283509;106.844981;18500;36;Train
-6.137934;106.814424;-6.308307;106.839274;21200;39;Train
-6.137934;106.814424;-6.330412;106.834763;23800;41;Train
-6.137934;106.814424;-6.339507;106.83427;24800;45;Train
-6.137934;106.814424;-6.360793;106.831822;27300;51;Train
-6.137934;106.814424;-6.369362;106.832142;28300;52;Train
-6.137934;106.814424;-6.391539;106.82171;31000;55;Train
-6.137934;106.814424;-6.405064;106.816797;32500;56;Train
-6.137934;106.814424;-6.448859;106.802225;37600;62;Train
-6.137934;106.814424;-6.493771;106.795119;42800;68;Train
-6.137934;106.814424;-6.530714;106.800658;45200;74;Train
-6.137934;106.814424;-6.595556;106.790702;53000;82;Train
-6.141036;106.822763;-6.149311;106.82676;1150;2;Train
-6.149311;106.82676;-6.161025;106.827608;1200;1;Train
-6.141036;106.822763;-6.137934;106.814424;1250;4;Train
-6.149311;106.82676;-6.137934;106.814424;2400;6;Train
-6.161025;106.827608;-6.137934;106.814424;3600;7;Train
-6.166897;106.830178;-6.137934;106.814424;4300;8;Train
-6.185765;106.832625;-6.137934;106.814424;6400;14;Train
-6.198665;106.841057;-6.137934;106.814424;8300;15;Train
-6.210099;106.849936;-6.137934;106.814424;9900;23;Train
-6.226152;106.858204;-6.137934;106.814424;12000;25;Train
-6.24247;106.859003;-6.137934;106.814424;13700;27;Train
-6.255107;106.855008;-6.137934;106.814424;15200;29;Train
-6.262884;106.851846;-6.137934;106.814424;16000;30;Train
-6.283509;106.844981;-6.137934;106.814424;18500;36;Train
-6.308307;106.839274;-6.137934;106.814424;21200;39;Train
-6.330412;106.834763;-6.137934;106.814424;23800;41;Train
-6.339507;106.83427;-6.137934;106.814424;24800;45;Train
-6.360793;106.831822;-6.137934;106.814424;27300;51;Train
-6.369362;106.832142;-6.137934;106.814424;28300;52;Train
-6.391539;106.82171;-6.137934;106.814424;31000;55;Train
-6.405064;106.816797;-6.137934;106.814424;32500;56;Train
-6.448859;106.802225;-6.137934;106.814424;37600;62;Train
-6.493771;106.795119;-6.137934;106.814424;42800;68;Train
-6.530714;106.800658;-6.137934;106.814424;45200;74;Train
-6.595556;106.790702;-6.137934;106.814424;53000;82;Train
-6.198665;106.841057;-6.226152;106.858204;7100;10;Train
-6.210099;106.849936;-6.255107;106.855008;5300;6;Train
-6.226152;106.858204;-6.262884;106.851846;4000;5;Train
-6.226152;106.858204;-6.283509;106.844981;6500;11;Train
-6.137934;106.814424;-6.133206;106.828967;1700;3;Train
-6.137934;106.814424;-6.128382;106.845131;3700;7;Train
-6.137934;106.814424;-6.111215;106.881662;8200;16;Train
-6.133206;106.828967;-6.128382;106.845131;2000;4;Train
-6.133206;106.828967;-6.111215;106.881662;6500;13;Train
-6.128382;106.845131;-6.111215;106.881662;4500;9;Train
-6.133206;106.828967;-6.137934;106.814424;1700;3;Train
-6.128382;106.845131;-6.137934;106.814424;3700;7;Train
-6.111215;106.881662;-6.137934;106.814424;8200;16;Train
-6.155582;106.801616;-6.144857;106.800903;1200;4;Train
-6.155582;106.801616;-6.132318;106.82905;5700;13;Train
-6.155582;106.801616;-6.145185;106.836951;7600;17;Train
-6.155582;106.801616;-6.16178;106.841705;9500;22;Train
-6.155582;106.801616;-6.186065;106.850582;12500;27;Train
-6.155582;106.801616;-6.193501;106.856658;13500;28;Train
-6.155582;106.801616;-6.209395;106.861975;15300;30;Train
-6.144857;106.800903;-6.145185;106.836951;6400;13;Train
-6.132318;106.82905;-6.16178;106.841705;3800;9;Train
-6.132318;106.82905;-6.186065;106.850582;6800;14;Train
-6.145185;106.836951;-6.193501;106.856658;5900;11;Train
-6.145185;106.836951;-6.209395;106.861975;7700;13;Train
-6.144857;106.800903;-6.155582;106.801616;1200;4;Train
-6.132318;106.82905;-6.155582;106.801616;5700;13;Train
-6.145185;106.836951;-6.155582;106.801616;7600;17;Train
-6.16178;106.841705;-6.155582;106.801616;9500;22;Train
-6.186065;106.850582;-6.155582;106.801616;12500;27;Train
-6.193501;106.856658;-6.155582;106.801616;13500;28;Train
-6.209395;106.861975;-6.155582;106.801616;15300;30;Train
-6.155582;106.801616;-6.185716;106.81134;3700;8;Train
-6.155582;106.801616;-6.200637;106.815978;5800;11;Train
-6.155582;106.801616;-6.201349;106.819863;6300;12;Train
-6.155582;106.801616;-6.202272;106.823132;6800;13;Train
-6.155582;106.801616;-6.210421;106.849642;10200;20;Train
-6.155582;106.801616;-6.212424;106.860442;11600;22;Train
-6.155582;106.801616;-6.21521;106.870362;13000;26;Train
-6.155582;106.801616;-6.213112;106.899585;16200;29;Train
-6.185716;106.81134;-6.202272;106.823132;3100;5;Train
-6.185716;106.81134;-6.212424;106.860442;6500;12;Train
-6.185716;106.81134;-6.213112;106.899585;12500;21;Train
-6.185716;106.81134;-6.155582;106.801616;3700;8;Train
-6.200637;106.815978;-6.155582;106.801616;5800;11;Train
-6.201349;106.819863;-6.155582;106.801616;6300;12;Train
-6.202272;106.823132;-6.155582;106.801616;6800;13;Train
-6.210421;106.849642;-6.155582;106.801616;10200;20;Train
-6.212424;106.860442;-6.155582;106.801616;11600;22;Train
-6.21521;106.870362;-6.155582;106.801616;13000;26;Train
-6.213112;106.899585;-6.155582;106.801616;16200;29;Train
-6.185331;106.810733;-6.207679;106.797188;3200;6;Train
-6.185331;106.810733;-6.237437;106.782895;7000;13;Train
-6.185331;106.810733;-6.276505;106.744681;13200;21;Train
-6.185331;106.810733;-6.289147;106.72955;15400;24;Train
-6.185331;106.810733;-6.297193;106.713036;17500;28;Train
-6.185331;106.810733;-6.315179;106.67603;22000;34;Train
-6.185331;106.810733;-6.320479;106.665591;23500;38;Train
-6.185331;106.810733;-6.324632;106.641588;26300;42;Train
-6.185331;106.810733;-6.32986;106.619125;29000;45;Train
-6.185331;106.810733;-6.344719;106.569611;35000;52;Train
-6.185331;106.810733;-6.354524;106.509448;42500;62;Train
-6.207679;106.797188;-6.237437;106.782895;3800;7;Train
-6.207679;106.797188;-6.276505;106.744681;10000;15;Train
-6.207679;106.797188;-6.289147;106.72955;12200;18;Train
-6.207679;106.797188;-6.297193;106.713036;14300;22;Train
-6.207679;106.797188;-6.315179;106.67603;18800;28;Train
-6.207679;106.797188;-6.185331;106.810733;3200;6;Train
-6.237437;106.782895;-6.185331;106.810733;7000;13;Train
-6.276505;106.744681;-6.185331;106.810733;13200;21;Train
-6.289147;106.72955;-6.185331;106.810733;15400;24;Train
-6.297193;106.713036;-6.185331;106.810733;17500;28;Train
-6.315179;106.67603;-6.185331;106.810733;22000;34;Train
-6.320479;106.665591;-6.185331;106.810733;23500;38;Train
-6.324632;106.641588;-6.185331;106.810733;26300;42;Train
-6.32986;106.619125;-6.185331;106.810733;29000;45;Train
-6.344719;106.569611;-6.185331;106.810733;35000;52;Train
-6.354524;106.509448;-6.185331;106.810733;42500;62;Train
-6.215208;106.870206;-6.213146;106.899603;3400;3;Train
-6.215208;106.870206;-6.215527;106.923409;6300;5;Train
-6.215208;106.870206;-6.217714;106.940247;8200;6;Train
-6.215208;106.870206;-6.218996;106.952135;9600;13;Train
-6.215208;106.870206;-6.224899;106.979846;12800;16;Train
-6.215208;106.870206;-6.236332;106.998764;15400;21;Train
-6.215208;106.870206;-6.246622;107.018377;17800;23;Train
-6.215208;106.870206;-6.258969;107.055978;22200;33;Train
-6.215208;106.870206;-6.261897;107.083775;25400;36;Train
-6.215208;106.870206;-6.25709;107.111661;28500;38;Train
-6.215208;106.870206;-6.255616;107.145077;32500;44;Train
-6.213146;106.899603;-6.217714;106.940247;4800;3;Train
-6.213146;106.899603;-6.218996;106.952135;6200;10;Train
-6.213146;106.899603;-6.224899;106.979846;9400;13;Train
-6.213146;106.899603;-6.236332;106.998764;12000;18;Train
-6.213146;106.899603;-6.246622;107.018377;14400;20;Train
-6.213146;106.899603;-6.25709;107.111661;29100;41;Train
-6.213146;106.899603;-6.215208;106.870206;3400;3;Train
-6.215527;106.923409;-6.215208;106.870206;6300;5;Train
-6.217714;106.940247;-6.215208;106.870206;8200;6;Train
-6.218996;106.952135;-6.215208;106.870206;9600;13;Train
-6.224899;106.979846;-6.215208;106.870206;12800;16;Train
-6.236332;106.998764;-6.215208;106.870206;15400;21;Train
-6.246622;107.018377;-6.215208;106.870206;17800;23;Train
-6.258969;107.055978;-6.215208;106.870206;22200;33;Train
-6.261897;107.083775;-6.215208;106.870206;25400;36;Train
-6.25709;107.111661;-6.215208;106.870206;28500;38;Train
-6.255616;107.145077;-6.215208;106.870206;32500;44;Train
